SampleID,LandmarkGroup,PointLabel,X,Y,Z,Angle,XrayImage
1,Alveolar Crest1,A-1,220.98265140269257,259.03056078705634,0.0,96.02471697839935,
1,Alveolar Crest1,Alveolar Crest1,234.34414973080013,258.327524681489,0.0,96.02471697839935,
1,Alveolar Crest1,A-3,235.15525449620208,242.91653413885248,0.0,96.02471697839935,
1,Alveolar Crest2,A-1,265.01574615444497,261.0498873756235,0.0,119.4545205187657,
1,Alveolar Crest2,Alveolar Crest2,269.55687637333693,259.2573359734293,0.0,119.4545205187657,
1,Alveolar Crest2,A-3,271.1142324290206,248.053530986398,0.0,119.4545205187657,
1,Alveolar Crest3,A-1,289.1957835059279,263.0135144193026,0.0,108.82518976854644,
1,Alveolar Crest3,Alveolar Crest3,295.68585781156867,260.66203822160674,0.0,108.82518976854644,
1,Alveolar Crest3,A-3,295.497739715753,250.78583819128377,0.0,108.82518976854644,
1,AMB,AMB-1,361.92713566051657,-4.525713298893095,0.0,,
1,AMB,AMB-2,368.4592127675276,385.76589384501847,0.0,,
1,Angle of Mandible,A_3-1,36.81212160885603,95.23072521033208,0.0,128.75175857761337,
1,Angle of Mandible,A_3-2,119.6112594762324,306.1594544748067,0.0,128.75175857761337,
1,Angle of Mandible,A_3-3,230.71987530698783,340.80739858951773,0.0,128.75175857761337,
1,anglle of mandible,A_3-1,71.99385316930788,221.8532269150057,0.0,136.7778937620829,
1,anglle of mandible,A_3-2,119.6112594762324,306.1594544748067,0.0,136.7778937620829,
1,anglle of mandible,A_3-3,230.71987530698783,340.80739858951773,0.0,136.7778937620829,
1,anterior of ramus,anterior of ramus-1,160.14071897915557,182.2648688920135,0.0,,
1,anterior of ramus,anterior of ramus-1,156.70889615406185,209.01015477833067,0.0,,
1,anterior of ramus,anterior of ramus-2,175.13994461330654,238.0006580840177,0.0,,
1,Apex of PremolarMolar,Apex of Premolar/Molar,263.92827223026853,301.6669051622876,0.0,,
1,apex of second premolar,F_1-1,263.92827223026853,301.6669051622876,0.0,,
1,IAC canal1,IAC canal1-1,120.37169547881176,194.2249845050817,0.0,,
1,IAC canal1,IAC canal1-2,154.67030502803365,250.1466305092479,0.0,,
1,IAC canal2,IAC-1,121.80565847140178,226.8867157830867,0.0,,
1,IAC canal2,IAC-2,145.25967576406123,262.2849085488596,0.0,,
1,IAC canal2,IAC-3,169.3651935370723,287.0419268022223,0.0,,
1,IAC Inf,IAC INF,102.59569372370083,195.46025355078464,0.0,,
1,IAC Int,IAC-1,102.61385446938291,192.7162757550037,0.0,,
1,IAC Sup,IAC SUP,102.59569372370083,192.1064737985602,0.0,,
1,IAC,IAC,102.55213814250313,193.76158588407355,0.0,,
1,LBM,LBM-1,1.173402583025819,361.69799645756456,0.0,,
1,LBM,LBM-2,728.3772992619926,363.2927418450184,0.0,,
1,MF Int,MF-1,267.91087949297423,311.1157142333372,0.0,,
1,MF Sup,MF-int,267.79508087633224,314.1272429991633,0.0,,
1,MF,MF-SUP,268.1494356523085,308.4575665835425,0.0,,
1,Mid-symphyseal,AMB-1,361.92713566051657,-4.525713298893095,0.0,,
1,Mid-symphyseal,AMB-2,368.4592127675275,385.76589384501847,0.0,,
1,AMB,AMB-1,361.92713566051657,-4.525713298893095,0.0,,1/xray1.jpg
1,AMB,AMB-2,368.4592127675276,385.76589384501847,0.0,,1/xray1.jpg
1,anterior of ramus,anterior of ramus-1,160.14071897915557,182.2648688920135,0.0,,1/xray1.jpg
1,anterior of ramus,anterior of ramus-1,156.70889615406185,209.01015477833067,0.0,,1/xray1.jpg
1,anterior of ramus,anterior of ramus-2,175.13994461330654,238.0006580840177,0.0,,1/xray1.jpg
1,Apex of PremolarMolar,Apex of Premolar/Molar,263.92827223026853,301.6669051622876,0.0,,1/xray1.jpg
1,apex of second premolar,F_1-1,263.92827223026853,301.6669051622876,0.0,,1/xray1.jpg
1,IAC canal1,IAC canal1-1,120.37169547881176,194.2249845050817,0.0,,1/xray1.jpg
1,IAC canal1,IAC canal1-2,154.67030502803365,250.1466305092479,0.0,,1/xray1.jpg
1,IAC canal2,IAC-1,121.80565847140178,226.8867157830867,0.0,,1/xray1.jpg
1,IAC canal2,IAC-2,145.25967576406123,262.2849085488596,0.0,,1/xray1.jpg
1,IAC canal2,IAC-3,169.3651935370723,287.0419268022223,0.0,,1/xray1.jpg
1,IAC Inf,IAC INF,102.59569372370083,195.46025355078464,0.0,,1/xray1.jpg
1,IAC Int,IAC-1,102.61385446938291,192.7162757550037,0.0,,1/xray1.jpg
1,IAC Sup,IAC SUP,102.59569372370083,192.1064737985602,0.0,,1/xray1.jpg
1,IAC,IAC,102.55213814250313,193.76158588407355,0.0,,1/xray1.jpg
1,LBM,LBM-1,1.173402583025819,361.69799645756456,0.0,,1/xray1.jpg
1,LBM,LBM-2,728.3772992619926,363.2927418450184,0.0,,1/xray1.jpg
1,MF Int,MF-1,267.91087949297423,311.1157142333372,0.0,,1/xray1.jpg
1,MF Sup,MF-int,267.79508087633224,314.1272429991633,0.0,,1/xray1.jpg
1,MF,MF-SUP,268.1494356523085,308.4575665835425,0.0,,1/xray1.jpg
1,Mid-symphyseal,AMB-1,361.92713566051657,-4.525713298893095,0.0,,1/xray1.jpg
1,Mid-symphyseal,AMB-2,368.4592127675275,385.76589384501847,0.0,,1/xray1.jpg
2,Alveolar Crest1,A-1,650.6337644105708,703.1033544000439,0.0,73.80848091128188,2/xray2.jpg
2,Alveolar Crest1,Alveolar Crest1,676.9211061104038,706.3892721125231,0.0,73.80848091128188,2/xray2.jpg
2,Alveolar Crest1,A-3,672.8137089698049,680.64958336477,0.0,73.80848091128188,2/xray2.jpg
2,Alveolar Crest2,A-1,838.1362905360836,728.2572735502525,0.0,65.48514341254686,2/xray2.jpg
2,Alveolar Crest2,Alveolar Crest2,841.8151163825029,728.7956383082651,0.0,65.48514341254686,2/xray2.jpg
2,Alveolar Crest2,A-3,840.2000221084652,723.2325358088018,0.0,65.48514341254686,2/xray2.jpg
2,Alveolar Crest3,A-1,770.2959344400186,718.4376370582798,0.0,80.59134483685116,2/xray2.jpg
2,Alveolar Crest3,Alveolar Crest3,784.5349111940948,718.9852900103597,0.0,80.59134483685116,2/xray2.jpg
2,Alveolar Crest3,A-3,781.5228199576557,695.1623865948861,0.0,80.59134483685116,2/xray2.jpg
2,AMB,AMB-1,1027.143361510678,-35.053070239919066,0.0,,2/xray2.jpg
2,AMB,AMB-2,1031.5562217878712,1154.8751872803286,0.0,,2/xray2.jpg
2,Angle of Mandible,A_3-1,187.49167416974169,175.17095055350546,0.0,126.78545862262892,2/xray2.jpg
2,Angle of Mandible,A_3-2,282.361105904059,761.9559542435425,0.0,126.78545862262892,2/xray2.jpg
2,Angle of Mandible,A_3-3,705.7598660516605,983.3179616236162,0.0,126.78545862262892,2/xray2.jpg
2,Anterior of Ramus,anterior of ramus-1,516.8687670085433,414.0725695718058,0.0,,2/xray2.jpg
2,Anterior of Ramus,anterior of ramus-1,484.0476536513606,476.8188156958315,0.0,,2/xray2.jpg
2,Anterior of Ramus,anterior of ramus-2,518.221010973216,618.5986299540865,0.0,,2/xray2.jpg
2,Apex of PremolarMolar,Apex of Premolar/Molar,779.6678492879197,867.7212686881278,0.0,,2/xray2.jpg
2,IAC canal1,IAC canal1-1,394.0529821690642,564.157058890822,0.0,,2/xray2.jpg
2,IAC canal1,IAC canal1-2,430.78560414789297,699.3394729205442,0.0,,2/xray2.jpg
2,IAC canal2,OC_1-1,362.8797601638296,606.4038055090377,0.0,,2/xray2.jpg
2,IAC canal2,OC_1-1,394.59601534779847,690.4887611130484,0.0,,2/xray2.jpg
2,IAC canal2,OC_1-1,416.8664813929916,749.1180305694281,0.0,,2/xray2.jpg
2,IAC canal2,OC_1-2,475.1380630957137,824.611577714655,0.0,,2/xray2.jpg
2,IAC canal2,OC_1-3,548.3482695850194,864.8075643522836,0.0,,2/xray2.jpg
2,IAC Inf,IAC INF,371.6818275125387,567.28234812193,0.0,,2/xray2.jpg
2,IAC Sup,IAC SUP,372.04813155642535,558.3689189606882,0.0,,2/xray2.jpg
2,IAC,IAC ,371.90676892201947,562.75116062727,0.0,,2/xray2.jpg
2,MF Int,MF-int,790.4794689637591,897.7342749468145,0.0,,2/xray2.jpg
2,MF Sup,MF-sup,790.1993023691521,889.5394020545567,0.0,,2/xray2.jpg
2,MF,MF-1,790.2544269743514,893.2743291369011,0.0,,2/xray2.jpg
2,Mid-symphyseal,AMB-1,1028.788179946917,-18.698160876862687,0.0,,2/xray2.jpg
2,Mid-symphyseal,AMB-2,1032.3804192354623,1123.39226229731,0.0,,2/xray2.jpg
2,AMB,AMB-1,1027.143361510678,-35.053070239919066,0.0,,2/xray2.jpg
2,AMB,AMB-2,1031.5562217878712,1154.8751872803286,0.0,,2/xray2.jpg
2,Anterior of Ramus,anterior of ramus-1,516.8687670085433,414.0725695718058,0.0,,2/xray2.jpg
2,Anterior of Ramus,anterior of ramus-1,484.0476536513606,476.8188156958315,0.0,,2/xray2.jpg
2,Anterior of Ramus,anterior of ramus-2,518.221010973216,618.5986299540865,0.0,,2/xray2.jpg
2,Apex of PremolarMolar,Apex of Premolar/Molar,779.6678492879197,867.7212686881278,0.0,,2/xray2.jpg
2,IAC canal1,IAC canal1-1,394.0529821690642,564.157058890822,0.0,,2/xray2.jpg
2,IAC canal1,IAC canal1-2,430.78560414789297,699.3394729205442,0.0,,2/xray2.jpg
2,IAC canal2,OC_1-1,362.8797601638296,606.4038055090377,0.0,,2/xray2.jpg
2,IAC canal2,OC_1-1,394.59601534779847,690.4887611130484,0.0,,2/xray2.jpg
2,IAC canal2,OC_1-1,416.8664813929916,749.1180305694281,0.0,,2/xray2.jpg
2,IAC canal2,OC_1-2,475.1380630957137,824.611577714655,0.0,,2/xray2.jpg
2,IAC canal2,OC_1-3,548.3482695850194,864.8075643522836,0.0,,2/xray2.jpg
2,IAC Inf,IAC INF,371.6818275125387,567.28234812193,0.0,,2/xray2.jpg
2,IAC Sup,IAC SUP,372.04813155642535,558.3689189606882,0.0,,2/xray2.jpg
2,IAC,IAC ,371.90676892201947,562.75116062727,0.0,,2/xray2.jpg
2,MF Int,MF-int,790.4794689637591,897.7342749468145,0.0,,2/xray2.jpg
2,MF Sup,MF-sup,790.1993023691521,889.5394020545567,0.0,,2/xray2.jpg
2,MF,MF-1,790.2544269743514,893.2743291369011,0.0,,2/xray2.jpg
2,Mid-symphyseal,AMB-1,1028.788179946917,-18.698160876862687,0.0,,2/xray2.jpg
2,Mid-symphyseal,AMB-2,1032.3804192354623,1123.39226229731,0.0,,2/xray2.jpg
3,Alveolar Crest1.mrk,A-1,620.9907753649891,653.8511858563467,0.0,37.469096721060026,3/xray3.jpg
3,Alveolar Crest1.mrk,Alveolar Crest1,633.981257421023,700.8856898523317,0.0,37.469096721060026,3/xray3.jpg
3,Alveolar Crest1.mrk,A-3,665.3375934183464,623.3907451732325,0.0,37.469096721060026,3/xray3.jpg
3,Alveolar Crest2_1.mrk,A-1,802.2051195915448,682.367020560131,0.0,84.73996422934144,3/xray3.jpg
3,Alveolar Crest2_1.mrk,Alveolar Crest2,823.2471986130888,685.7977943136436,0.0,84.73996422934144,3/xray3.jpg
3,Alveolar Crest2_1.mrk,A-3,825.5343811154305,653.0910845301566,0.0,84.73996422934144,3/xray3.jpg
3,Alveolar Crest3_1.mrk,A-1,739.2446569007016,666.4260552706402,0.0,37.33528634179931,3/xray3.jpg
3,Alveolar Crest3_1.mrk,Alveolar Crest3,740.9277025869802,672.8777304013748,0.0,37.33528634179931,3/xray3.jpg
3,Alveolar Crest3_1.mrk,A-3,751.025976704652,648.7540755647145,0.0,37.33528634179931,3/xray3.jpg
3,AMB.mrk,AMB-1,1055.76656797153,-34.609598102016776,0.0,,3/xray3.jpg
3,AMB.mrk,AMB-2,1056.7616578884931,1155.5179425860024,0.0,,3/xray3.jpg
3,IAC canal2.mrk,OC_1-1,339.3469102263172,535.495301902798,0.0,,3/xray3.jpg
3,IAC canal2.mrk,OC_1-1,367.0292392409799,577.1730740429462,0.0,,3/xray3.jpg
3,IAC canal2.mrk,OC_1-1,406.5598388943989,638.1631420796497,0.0,,3/xray3.jpg
3,IAC canal2.mrk,OC_1-3,472.09161175056767,718.9766358649056,0.0,,3/xray3.jpg
3,IAC canal2_1.mrk,OC_1-1,343.44739933668166,440.2776608808134,0.0,,3/xray3.jpg
3,IAC canal2_1.mrk,OC_1-1,367.3293701954095,523.3692133775653,0.0,,3/xray3.jpg
3,IAC canal2_1.mrk,OC_1-3,433.08479824553336,605.0784174136207,0.0,,3/xray3.jpg
3,LBM_1.mrk,LBM-1,-22.785013264451067,995.7052526823238,0.0,,3/xray3.jpg
3,LBM_1.mrk,LBM-2,2053.995462944667,993.7579667224464,0.0,,3/xray3.jpg
3,MF.mrk,MF-1,700.3785736551741,822.0462907804679,0.0,,3/xray3.jpg
3,Angle of Mandible_1.mrk,A_3-1,154.03095959145224,133.36371064380023,0.0,130.81514758107565,3/xray3.jpg
3,Angle of Mandible_1.mrk,A_3-2,255.2362430151028,683.7784099654086,0.0,130.81514758107565,3/xray3.jpg
3,Angle of Mandible_1.mrk,A_3-3,706.2211902011949,948.3325718974075,0.0,130.81514758107565,3/xray3.jpg
3,Anterior of Ramus_1.mrk,anterior of ramus-1,512.7009075587041,404.0608716468081,0.0,,3/xray3.jpg
3,Anterior of Ramus_1.mrk,anterior of ramus-1,475.628244922059,444.3855222340361,0.0,,3/xray3.jpg
3,Anterior of Ramus_1.mrk,anterior of ramus-2,468.2136562909907,516.1083000927864,0.0,,3/xray3.jpg
3,Apex of PremolarMolar_1.mrk,Apex of Premolar/Molar,722.1345640962464,767.1814795375803,0.0,,3/xray3.jpg
3,Mid-symphyseal.mrk,AMB-1,1037.9828924047106,-7.30819169858205,0.0,,3/xray3.jpg
3,Mid-symphyseal.mrk,AMB-2,1040.8559390183068,1131.8547905922503,0.0,,3/xray3.jpg
3,Mid-symphyseal_1.mrk,AMB-1,1037.9828924047106,-7.30819169858205,0.0,,3/xray3.jpg
3,Mid-symphyseal_1.mrk,AMB-2,1040.8559390183068,1131.8547905922503,0.0,,3/xray3.jpg
3,Alveolar Crest1.mrk,A-1,615.0927617178133,667.1736951871607,0.0,78.60709035080733,3/xray3.jpg
3,Alveolar Crest1.mrk,Alveolar Crest1,629.8267832964177,675.1721640441173,0.0,78.60709035080733,3/xray3.jpg
3,Alveolar Crest1.mrk,A-3,638.2462241984772,647.8089811124236,0.0,78.60709035080733,3/xray3.jpg
3,Alveolar Crest2.mrk,A-1,802.0396125222095,722.3367008302234,0.0,74.86081756022658,3/xray3.jpg
3,Alveolar Crest2.mrk,Alveolar Crest2,808.8461957338144,723.0531832735503,0.0,74.86081756022658,3/xray3.jpg
3,Alveolar Crest2.mrk,A-3,806.6967484038339,709.6788443314493,0.0,74.86081756022658,3/xray3.jpg
3,Alveolar Crest3.mrk,A-1,734.2451318007995,700.934889038274,0.0,81.38215770054043,3/xray3.jpg
3,Alveolar Crest3.mrk,Alveolar Crest3,744.0014742587033,702.3097059596357,0.0,81.38215770054043,3/xray3.jpg
3,Alveolar Crest3.mrk,A-3,743.829044109029,685.7564115909144,0.0,81.38215770054043,3/xray3.jpg
3,IAC canal1.mrk,IAC canal1-1,120.37169547881176,194.2249845050817,0.0,,3/xray3.jpg
3,IAC canal1.mrk,IAC canal1-2,154.67030502803365,250.1466305092479,0.0,,3/xray3.jpg
3,IAC canal2.mrk,IAC-1,121.80565847140178,226.8867157830867,0.0,,3/xray3.jpg
3,IAC canal2.mrk,IAC-2,145.25967576406123,262.2849085488596,0.0,,3/xray3.jpg
3,IAC canal2.mrk,IAC-3,169.3651935370723,287.0419268022223,0.0,,3/xray3.jpg
3,IAC Inf.mrk,IAC ,278.34239490768755,455.69447231396754,0.0,,3/xray3.jpg
3,IAC Inf_1.mrk,IAC ,353.09273403332213,439.8930717567038,0.0,,3/xray3.jpg
3,IAC Sup.mrk,IAC SUP,278.3598867257921,452.7024901509452,0.0,,3/xray3.jpg
3,IAC Sup_1.mrk,IAC SUP,351.6045412733162,424.825120061644,0.0,,3/xray3.jpg
3,IAC.mrk,IAC INF,371.0531503452325,566.9873426170227,0.0,,3/xray3.jpg
3,IAC_2.mrk,IAC INF,371.0531503452325,566.9873426170227,0.0,,3/xray3.jpg
3,IAC_2_1_1.mrk,IAC INF,354.580926793328,455.1470475467644,0.0,,3/xray3.jpg
3,MF Int.mrk,MF-int,699.1870545449981,837.8402041769323,0.0,,3/xray3.jpg
3,MF Sup.mrk,MF-sup,708.5339740845461,859.1421334714616,0.0,,3/xray3.jpg
3,MF Sup_1.mrk,MF-sup,699.484939264356,806.5623086443569,0.0,,3/xray3.jpg
4,AMB.mrk,AMB-1,1028.6696476014235,-35.439056322657166,0.0,,4/xray4.jpg
4,AMB.mrk,AMB-2,1020.0720707188613,1155.3253419122182,0.0,,4/xray4.jpg
4,IAC canal2.mrk,OC_1-1,282.2422073051005,608.4269270103816,0.0,,4/xray4.jpg
4,IAC canal2.mrk,OC_1-1,302.29698558718496,626.907979165295,0.0,,4/xray4.jpg
4,IAC canal2.mrk,OC_1-1,331.6416887624992,675.8158177908188,0.0,,4/xray4.jpg
4,IAC canal2.mrk,OC_1-1,352.3555968862503,718.1067135434776,0.0,,4/xray4.jpg
4,IAC canal2.mrk,OC_1-1,372.7818118416161,762.1237683064488,0.0,,4/xray4.jpg
4,IAC canal2.mrk,OC_1-1,409.04278904255233,809.6539371589463,0.0,,4/xray4.jpg
4,IAC canal2.mrk,OC_1-3,485.5366182428628,855.8258881176923,0.0,,4/xray4.jpg
4,IAC canal2_1.mrk,OC_1-1,307.0510167754716,551.2288385092487,0.0,,4/xray4.jpg
4,IAC canal2_1.mrk,OC_1-1,326.34675747464905,609.8051942031801,0.0,,4/xray4.jpg
4,IAC canal2_1.mrk,OC_1-3,353.9121013306168,664.9358819151156,0.0,,4/xray4.jpg
4,LBM_1.mrk,LBM-1,-9.341515703571048,1040.4418604780496,0.0,,4/xray4.jpg
4,LBM_1.mrk,LBM-2,2049.946196811591,1041.2570971021648,0.0,,4/xray4.jpg
4,MF.mrk,MF-1,882.4608348636739,907.1773320779438,0.0,,4/xray4.jpg
4,Angle of Mandible.mrk,A_3-1,158.7886116066308,202.1173477580238,0.0,122.22852562417184,4/xray4.jpg
4,Angle of Mandible.mrk,A_3-2,189.116075941656,721.4751744953277,0.0,122.22852562417184,4/xray4.jpg
4,Angle of Mandible.mrk,A_3-3,683.8328379067524,994.422353510553,0.0,122.22852562417184,4/xray4.jpg
4,Angle of Mandible_1.mrk,A_3-1,114.53293911439128,270.2448649446494,0.0,128.41103990266657,4/xray4.jpg
4,Angle of Mandible_1.mrk,A_3-2,203.9427641564575,765.5540712265681,0.0,128.41103990266657,4/xray4.jpg
4,Angle of Mandible_1.mrk,A_3-3,580.6227617476014,967.3469270789668,0.0,128.41103990266657,4/xray4.jpg
4,Anterior of Ramus.mrk,anterior of ramus-1,479.56741304267246,380.7334508257386,0.0,,4/xray4.jpg
4,Anterior of Ramus.mrk,anterior of ramus-1,452.6029191124625,427.92131520360607,0.0,,4/xray4.jpg
4,Anterior of Ramus.mrk,anterior of ramus-2,445.4123873977399,537.5769238531267,0.0,,4/xray4.jpg
4,Anterior of Ramus_1.mrk,anterior of ramus-1,478.2335182143038,447.06731189428257,0.0,,4/xray4.jpg
4,Anterior of Ramus_1.mrk,anterior of ramus-1,440.9783167063214,523.3517721249132,0.0,,4/xray4.jpg
4,Anterior of Ramus_1.mrk,anterior of ramus-2,444.526431135653,641.0309006977462,0.0,,4/xray4.jpg
4,Apex of PremolarMolar.mrk,Apex of Premolar/Molar,728.4703122848039,822.6752932298225,0.0,,4/xray4.jpg
4,Apex of PremolarMolar_1.mrk,Apex of Premolar/Molar,873.1724978727095,867.3610551161651,0.0,,4/xray4.jpg
4,Mid-symphyseal.mrk,AMB-1,1037.9828924047106,-7.30819169858205,0.0,,4/xray4.jpg
4,Mid-symphyseal.mrk,AMB-2,1040.8559390183068,1131.8547905922503,0.0,,4/xray4.jpg
4,Mid-symphyseal_1.mrk,AMB-1,1028.626670770562,-15.9646855805654,0.0,,4/xray4.jpg
4,Mid-symphyseal_1.mrk,AMB-2,1034.9957068964627,1132.0540761130026,0.0,,4/xray4.jpg
4,Alveolar Crest1.mrk,A-1,615.0927617178133,667.1736951871607,0.0,78.60709035080733,4/xray4.jpg
4,Alveolar Crest1.mrk,Alveolar Crest1,629.8267832964177,675.1721640441173,0.0,78.60709035080733,4/xray4.jpg
4,Alveolar Crest1.mrk,A-3,638.2462241984772,647.8089811124236,0.0,78.60709035080733,4/xray4.jpg
4,Alveolar Crest1_1.mrk,A-1,636.93276275005,731.9757639992848,0.0,87.220535895624,4/xray4.jpg
4,Alveolar Crest1_1.mrk,Alveolar Crest1,655.304642914267,730.9829589656669,0.0,87.220535895624,4/xray4.jpg
4,Alveolar Crest1_1.mrk,A-3,653.236554839988,710.8767389417179,0.0,87.220535895624,4/xray4.jpg
4,Alveolar Crest2.mrk,A-1,802.0396125222095,722.3367008302234,0.0,74.86081756022658,4/xray4.jpg
4,Alveolar Crest2.mrk,Alveolar Crest2,808.8461957338144,723.0531832735503,0.0,74.86081756022658,4/xray4.jpg
4,Alveolar Crest2.mrk,A-3,806.6967484038339,709.6788443314493,0.0,74.86081756022658,4/xray4.jpg
4,Alveolar Crest2_1.mrk,A-1,834.1058585044441,745.7583813445569,0.0,72.91781457253386,4/xray4.jpg
4,Alveolar Crest2_1.mrk,Alveolar Crest2,838.753293965299,745.1916209225016,0.0,72.91781457253386,4/xray4.jpg
4,Alveolar Crest2_1.mrk,A-3,835.845228665278,738.6707663158037,0.0,72.91781457253386,4/xray4.jpg
4,Alveolar Crest3.mrk,A-1,734.2451318007995,700.934889038274,0.0,81.38215770054043,4/xray4.jpg
4,Alveolar Crest3.mrk,Alveolar Crest3,744.0014742587033,702.3097059596357,0.0,81.38215770054043,4/xray4.jpg
4,Alveolar Crest3.mrk,A-3,743.829044109029,685.7564115909144,0.0,81.38215770054043,4/xray4.jpg
4,Alveolar Crest3_1.mrk,A-1,767.3067849066549,739.8171276980054,0.0,48.01278750418303,4/xray4.jpg
4,Alveolar Crest3_1.mrk,Alveolar Crest3,773.2498360081177,739.5043355347705,0.0,48.01278750418303,4/xray4.jpg
4,Alveolar Crest3_1.mrk,A-3,768.2451613963595,734.4996609230125,0.0,48.01278750418303,4/xray4.jpg
4,IAC canal1.mrk,IAC canal1-1,120.37169547881176,194.2249845050817,0.0,,4/xray4.jpg
4,IAC canal1.mrk,IAC canal1-2,154.67030502803365,250.1466305092479,0.0,,4/xray4.jpg
4,IAC canal2.mrk,IAC-1,121.80565847140178,226.8867157830867,0.0,,4/xray4.jpg
4,IAC canal2.mrk,IAC-2,145.25967576406123,262.2849085488596,0.0,,4/xray4.jpg
4,IAC canal2.mrk,IAC-3,169.3651935370723,287.0419268022223,0.0,,4/xray4.jpg
4,IAC Inf.mrk,IAC ,278.34239490768755,455.69447231396754,0.0,,4/xray4.jpg
4,IAC Inf_1.mrk,IAC ,281.0225240443874,545.6552991154111,0.0,,4/xray4.jpg
4,IAC Sup.mrk,IAC SUP,278.3598867257921,452.7024901509452,0.0,,4/xray4.jpg
4,IAC Sup_1.mrk,IAC SUP,280.35986158470405,541.584658291642,0.0,,4/xray4.jpg
4,IAC.mrk,IAC INF,371.0531503452325,566.9873426170227,0.0,,4/xray4.jpg
4,IAC_2_1_1.mrk,IAC INF,281.16452314289097,548.4006150198136,0.0,,4/xray4.jpg
4,MF Int.mrk,MF-int,707.727999920725,865.3636730732676,0.0,,4/xray4.jpg
4,MF Int_1.mrk,MF-int,882.5421769391767,910.2683309470524,0.0,,4/xray4.jpg
4,MF Sup.mrk,MF-sup,708.5339740845461,859.1421334714616,0.0,,4/xray4.jpg
4,MF Sup_1.mrk,MF-sup,882.379492788171,904.1676752843384,0.0,,4/xray4.jpg
5,AMB.mrk,AMB-1,1041.708440084351,-15.5899057196182,0.0,,5/xray5.jpg
5,AMB.mrk,AMB-2,1039.3703495361424,1134.1879500081093,0.0,,5/xray5.jpg
5,IAC canal2.mrk,OC_1-1,284.41970285104014,540.1620509043851,0.0,,5/xray5.jpg
5,IAC canal2.mrk,OC_1-1,324.43374715750895,624.3586844978088,0.0,,5/xray5.jpg
5,IAC canal2.mrk,OC_1-1,371.36317740267975,726.5693927436469,0.0,,5/xray5.jpg
5,IAC canal2.mrk,OC_1-3,416.3040724679704,778.669014456506,0.0,,5/xray5.jpg
5,IAC canal2_1.mrk,OC_1-1,304.1506883227317,474.0254248988717,0.0,,5/xray5.jpg
5,IAC canal2_1.mrk,OC_1-1,344.7168059922858,605.2687467709596,0.0,,5/xray5.jpg
5,IAC canal2_1.mrk,OC_1-3,396.0210136331932,702.3092635491095,0.0,,5/xray5.jpg
5,LBM_1.mrk,LBM-1,7.063818393357167,979.9512235881376,0.0,,5/xray5.jpg
5,LBM_1.mrk,LBM-2,2044.689539560617,990.2683158472124,0.0,,5/xray5.jpg
5,MF.mrk,MF-1,708.2754779119041,862.3733356294869,0.0,,5/xray5.jpg
5,Angle of Mandible.mrk,A_3-1,158.7886116066308,202.1173477580238,0.0,122.22852562417184,5/xray5.jpg
5,Angle of Mandible.mrk,A_3-2,189.116075941656,721.4751744953277,0.0,122.22852562417184,5/xray5.jpg
5,Angle of Mandible.mrk,A_3-3,683.8328379067524,994.422353510553,0.0,122.22852562417184,5/xray5.jpg
5,Angle of Mandible_1.mrk,A_3-1,158.7886116066308,202.1173477580238,0.0,122.22852562417184,5/xray5.jpg
5,Angle of Mandible_1.mrk,A_3-2,189.116075941656,721.4751744953277,0.0,122.22852562417184,5/xray5.jpg
5,Angle of Mandible_1.mrk,A_3-3,683.8328379067524,994.422353510553,0.0,122.22852562417184,5/xray5.jpg
5,Anterior of Ramus.mrk,anterior of ramus-1,479.56741304267246,380.7334508257386,0.0,,5/xray5.jpg
5,Anterior of Ramus.mrk,anterior of ramus-1,452.6029191124625,427.92131520360607,0.0,,5/xray5.jpg
5,Anterior of Ramus.mrk,anterior of ramus-2,445.4123873977399,537.5769238531267,0.0,,5/xray5.jpg
5,Anterior of Ramus_1.mrk,anterior of ramus-1,479.56741304267246,380.7334508257386,0.0,,5/xray5.jpg
5,Anterior of Ramus_1.mrk,anterior of ramus-1,452.6029191124625,427.92131520360607,0.0,,5/xray5.jpg
5,Anterior of Ramus_1.mrk,anterior of ramus-2,445.4123873977399,537.5769238531267,0.0,,5/xray5.jpg
5,Apex of PremolarMolar.mrk,Apex of Premolar/Molar,728.4703122848039,822.6752932298225,0.0,,5/xray5.jpg
5,Apex of PremolarMolar_1.mrk,Apex of Premolar/Molar,728.4703122848039,822.6752932298225,0.0,,5/xray5.jpg
5,Mid-symphyseal.mrk,AMB-1,1037.9828924047106,-7.30819169858205,0.0,,5/xray5.jpg
5,Mid-symphyseal.mrk,AMB-2,1040.8559390183068,1131.8547905922503,0.0,,5/xray5.jpg
5,Mid-symphyseal_1.mrk,AMB-1,1037.9828924047106,-7.30819169858205,0.0,,5/xray5.jpg
5,Mid-symphyseal_1.mrk,AMB-2,1040.8559390183068,1131.8547905922503,0.0,,5/xray5.jpg
5,Alveolar Crest1.mrk,A-1,615.0927617178133,667.1736951871607,0.0,78.60709035080733,5/xray5.jpg
5,Alveolar Crest1.mrk,Alveolar Crest1,629.8267832964177,675.1721640441173,0.0,78.60709035080733,5/xray5.jpg
5,Alveolar Crest1.mrk,A-3,638.2462241984772,647.8089811124236,0.0,78.60709035080733,5/xray5.jpg
5,Alveolar Crest1_1.mrk,A-1,615.0927617178133,667.1736951871607,0.0,78.60709035080733,5/xray5.jpg
5,Alveolar Crest1_1.mrk,Alveolar Crest1,629.8267832964177,675.1721640441173,0.0,78.60709035080733,5/xray5.jpg
5,Alveolar Crest1_1.mrk,A-3,638.2462241984772,647.8089811124236,0.0,78.60709035080733,5/xray5.jpg
5,Alveolar Crest2.mrk,A-1,802.0396125222095,722.3367008302234,0.0,74.86081756022658,5/xray5.jpg
5,Alveolar Crest2.mrk,Alveolar Crest2,808.8461957338144,723.0531832735503,0.0,74.86081756022658,5/xray5.jpg
5,Alveolar Crest2.mrk,A-3,806.6967484038339,709.6788443314493,0.0,74.86081756022658,5/xray5.jpg
5,Alveolar Crest2_1.mrk,A-1,802.0396125222095,722.3367008302234,0.0,74.86081756022658,5/xray5.jpg
5,Alveolar Crest2_1.mrk,Alveolar Crest2,808.8461957338144,723.0531832735503,0.0,74.86081756022658,5/xray5.jpg
5,Alveolar Crest2_1.mrk,A-3,806.6967484038339,709.6788443314493,0.0,74.86081756022658,5/xray5.jpg
5,Alveolar Crest3.mrk,A-1,734.2451318007995,700.934889038274,0.0,81.38215770054043,5/xray5.jpg
5,Alveolar Crest3.mrk,Alveolar Crest3,744.0014742587033,702.3097059596357,0.0,81.38215770054043,5/xray5.jpg
5,Alveolar Crest3.mrk,A-3,743.829044109029,685.7564115909144,0.0,81.38215770054043,5/xray5.jpg
5,Alveolar Crest3_1.mrk,A-1,734.2451318007995,700.934889038274,0.0,81.38215770054043,5/xray5.jpg
5,Alveolar Crest3_1.mrk,Alveolar Crest3,744.0014742587033,702.3097059596357,0.0,81.38215770054043,5/xray5.jpg
5,Alveolar Crest3_1.mrk,A-3,743.829044109029,685.7564115909144,0.0,81.38215770054043,5/xray5.jpg
5,IAC canal1.mrk,IAC canal1-1,120.37169547881176,194.2249845050817,0.0,,5/xray5.jpg
5,IAC canal1.mrk,IAC canal1-2,154.67030502803365,250.1466305092479,0.0,,5/xray5.jpg
5,IAC canal2.mrk,IAC-1,121.80565847140178,226.8867157830867,0.0,,5/xray5.jpg
5,IAC canal2.mrk,IAC-2,145.25967576406123,262.2849085488596,0.0,,5/xray5.jpg
5,IAC canal2.mrk,IAC-3,169.3651935370723,287.0419268022223,0.0,,5/xray5.jpg
5,IAC Inf.mrk,IAC ,278.34239490768755,455.69447231396754,0.0,,5/xray5.jpg
5,IAC Inf_1.mrk,IAC ,278.34239490768755,455.69447231396754,0.0,,5/xray5.jpg
5,IAC Sup.mrk,IAC SUP,278.3598867257921,452.7024901509452,0.0,,5/xray5.jpg
5,IAC Sup_1.mrk,IAC SUP,278.3598867257921,452.7024901509452,0.0,,5/xray5.jpg
5,IAC.mrk,IAC INF,371.0531503452325,566.9873426170227,0.0,,5/xray5.jpg
5,IAC_2_1.mrk,IAC INF,278.6880385744436,458.44514750234686,0.0,,5/xray5.jpg
5,IAC_2_1_1.mrk,IAC INF,278.6880385744436,458.44514750234686,0.0,,5/xray5.jpg
5,IAC_3.mrk,IAC INF,371.0531503452325,566.9873426170227,0.0,,5/xray5.jpg
5,MF Int.mrk,MF-int,707.727999920725,865.3636730732676,0.0,,5/xray5.jpg
5,MF Int_1.mrk,MF-int,707.727999920725,865.3636730732676,0.0,,5/xray5.jpg
5,MF Sup.mrk,MF-sup,708.5339740845461,859.1421334714616,0.0,,5/xray5.jpg
5,MF Sup_1.mrk,MF-sup,708.5339740845461,859.1421334714616,0.0,,5/xray5.jpg
5,AMB.mrk,AMB-1,1041.708440084351,-15.5899057196182,0.0,,5/xray5.jpg
5,AMB.mrk,AMB-2,1039.3703495361424,1134.1879500081093,0.0,,5/xray5.jpg
5,IAC canal2.mrk,OC_1-1,284.41970285104014,540.1620509043851,0.0,,5/xray5.jpg
5,IAC canal2.mrk,OC_1-1,324.43374715750895,624.3586844978088,0.0,,5/xray5.jpg
5,IAC canal2.mrk,OC_1-1,371.36317740267975,726.5693927436469,0.0,,5/xray5.jpg
5,IAC canal2.mrk,OC_1-3,416.3040724679704,778.669014456506,0.0,,5/xray5.jpg
5,IAC canal2_1.mrk,OC_1-1,304.1506883227317,474.0254248988717,0.0,,5/xray5.jpg
5,IAC canal2_1.mrk,OC_1-1,344.7168059922858,605.2687467709596,0.0,,5/xray5.jpg
5,IAC canal2_1.mrk,OC_1-3,396.0210136331932,702.3092635491095,0.0,,5/xray5.jpg
5,LBM_1.mrk,LBM-1,7.063818393357167,979.9512235881376,0.0,,5/xray5.jpg
5,LBM_1.mrk,LBM-2,2044.689539560617,990.2683158472124,0.0,,5/xray5.jpg
5,MF.mrk,MF-1,708.2754779119041,862.3733356294869,0.0,,5/xray5.jpg
5,Anterior of Ramus.mrk,anterior of ramus-1,479.56741304267246,380.7334508257386,0.0,,5/xray5.jpg
5,Anterior of Ramus.mrk,anterior of ramus-1,452.6029191124625,427.92131520360607,0.0,,5/xray5.jpg
5,Anterior of Ramus.mrk,anterior of ramus-2,445.4123873977399,537.5769238531267,0.0,,5/xray5.jpg
5,Anterior of Ramus_1.mrk,anterior of ramus-1,479.56741304267246,380.7334508257386,0.0,,5/xray5.jpg
5,Anterior of Ramus_1.mrk,anterior of ramus-1,452.6029191124625,427.92131520360607,0.0,,5/xray5.jpg
5,Anterior of Ramus_1.mrk,anterior of ramus-2,445.4123873977399,537.5769238531267,0.0,,5/xray5.jpg
5,Apex of PremolarMolar.mrk,Apex of Premolar/Molar,728.4703122848039,822.6752932298225,0.0,,5/xray5.jpg
5,Apex of PremolarMolar_1.mrk,Apex of Premolar/Molar,728.4703122848039,822.6752932298225,0.0,,5/xray5.jpg
5,Mid-symphyseal.mrk,AMB-1,1037.9828924047106,-7.30819169858205,0.0,,5/xray5.jpg
5,Mid-symphyseal.mrk,AMB-2,1040.8559390183068,1131.8547905922503,0.0,,5/xray5.jpg
5,Mid-symphyseal_1.mrk,AMB-1,1037.9828924047106,-7.30819169858205,0.0,,5/xray5.jpg
5,Mid-symphyseal_1.mrk,AMB-2,1040.8559390183068,1131.8547905922503,0.0,,5/xray5.jpg
5,IAC canal1.mrk,IAC canal1-1,120.37169547881176,194.2249845050817,0.0,,5/xray5.jpg
5,IAC canal1.mrk,IAC canal1-2,154.67030502803365,250.1466305092479,0.0,,5/xray5.jpg
5,IAC canal2.mrk,IAC-1,121.80565847140178,226.8867157830867,0.0,,5/xray5.jpg
5,IAC canal2.mrk,IAC-2,145.25967576406123,262.2849085488596,0.0,,5/xray5.jpg
5,IAC canal2.mrk,IAC-3,169.3651935370723,287.0419268022223,0.0,,5/xray5.jpg
5,IAC Inf.mrk,IAC ,278.34239490768755,455.69447231396754,0.0,,5/xray5.jpg
5,IAC Inf_1.mrk,IAC ,278.34239490768755,455.69447231396754,0.0,,5/xray5.jpg
5,IAC Sup.mrk,IAC SUP,278.3598867257921,452.7024901509452,0.0,,5/xray5.jpg
5,IAC Sup_1.mrk,IAC SUP,278.3598867257921,452.7024901509452,0.0,,5/xray5.jpg
5,IAC.mrk,IAC INF,371.0531503452325,566.9873426170227,0.0,,5/xray5.jpg
5,IAC_2_1.mrk,IAC INF,278.6880385744436,458.44514750234686,0.0,,5/xray5.jpg
5,IAC_2_1_1.mrk,IAC INF,278.6880385744436,458.44514750234686,0.0,,5/xray5.jpg
5,IAC_3.mrk,IAC INF,371.0531503452325,566.9873426170227,0.0,,5/xray5.jpg
5,MF Int.mrk,MF-int,707.727999920725,865.3636730732676,0.0,,5/xray5.jpg
5,MF Int_1.mrk,MF-int,707.727999920725,865.3636730732676,0.0,,5/xray5.jpg
5,MF Sup.mrk,MF-sup,708.5339740845461,859.1421334714616,0.0,,5/xray5.jpg
5,MF Sup_1.mrk,MF-sup,708.5339740845461,859.1421334714616,0.0,,5/xray5.jpg
6,AMB.mrk,AMB-1,1028.1711883246005,-17.337164002555994,0.0,,6/xray6.jpg
6,AMB.mrk,AMB-2,1030.0007803569754,1002.6603940464324,0.0,,6/xray6.jpg
6,IAC canal2.mrk,OC_1-1,338.3551223051842,527.1803190567032,0.0,,6/xray6.jpg
6,IAC canal2.mrk,OC_1-1,379.5901498406932,641.3976962125821,0.0,,6/xray6.jpg
6,IAC canal2.mrk,OC_1-3,463.17204539420896,751.9374471571222,0.0,,6/xray6.jpg
6,IAC canal2_1.mrk,OC_1-1,371.5620913824525,510.3943786440182,0.0,,6/xray6.jpg
6,IAC canal2_1.mrk,OC_1-3,388.3480317951376,553.0890531719347,0.0,,6/xray6.jpg
6,LBM_1.mrk,LBM-1,1.3126601542055738,923.0731406381258,0.0,,6/xray6.jpg
6,LBM_1.mrk,LBM-2,2048.1687463735893,921.7009466138444,0.0,,6/xray6.jpg
6,MF.mrk,MF-1,764.5258484368761,776.2847663236655,0.0,,6/xray6.jpg
6,Angle of Mandible.mrk,A_3-1,248.5617115867159,157.9820955867159,0.0,118.47065214072568,6/xray6.jpg
6,Angle of Mandible.mrk,A_3-2,321.0591583173432,749.6891975793358,0.0,118.47065214072568,6/xray6.jpg
6,Angle of Mandible.mrk,A_3-3,721.9273931808118,907.4777581107012,0.0,118.47065214072568,6/xray6.jpg
6,Anterior of Ramus.mrk,anterior of ramus-1,550.2181182720103,400.6719114181194,0.0,,6/xray6.jpg
6,Anterior of Ramus.mrk,anterior of ramus-1,489.63753065464056,472.6598126087782,0.0,,6/xray6.jpg
6,Anterior of Ramus.mrk,anterior of ramus-2,520.1468108367108,566.9599464528312,0.0,,6/xray6.jpg
6,Apex of PremolarMolar.mrk,Apex of Premolar/Molar,747.7678025508294,761.4829735135685,0.0,,6/xray6.jpg
6,Mid-symphyseal.mrk,AMB-1,1028.312150062702,-12.936847302739553,0.0,,6/xray6.jpg
6,Mid-symphyseal.mrk,AMB-2,1030.788299263288,1000.633558803649,0.0,,6/xray6.jpg
6,Alveolar Crest1.mrk,A-1,833.8603842446512,660.1206423283654,0.0,99.8640673057935,6/xray6.jpg
6,Alveolar Crest1.mrk,Alveolar Crest1,844.3662251160158,660.609237613614,0.0,99.8640673057935,6/xray6.jpg
6,Alveolar Crest1.mrk,A-3,850.6414064515885,632.366258150214,0.0,99.8640673057935,6/xray6.jpg
6,Alveolar Crest2.mrk,A-1,764.8501075001757,648.3863338489332,0.0,76.2949423204886,6/xray6.jpg
6,Alveolar Crest2.mrk,Alveolar Crest2,786.644772435548,651.3315588401998,0.0,76.2949423204886,6/xray6.jpg
6,Alveolar Crest2.mrk,A-3,784.2885924425348,628.9478489065741,0.0,76.2949423204886,6/xray6.jpg
6,Alveolar Crest3.mrk,A-1,701.2332476888182,639.5506588751336,0.0,96.4556547089551,6/xray6.jpg
6,Alveolar Crest3.mrk,Alveolar Crest3,722.4388676259374,638.9616138768803,0.0,96.4556547089551,6/xray6.jpg
6,Alveolar Crest3.mrk,A-3,724.7950476189505,611.2764989589748,0.0,96.4556547089551,6/xray6.jpg
6,IAC canal1.mrk,IAC canal1-1,120.37169547881176,194.2249845050817,0.0,,6/xray6.jpg
6,IAC canal1.mrk,IAC canal1-2,154.67030502803365,250.1466305092479,0.0,,6/xray6.jpg
6,IAC canal2.mrk,IAC-1,121.80565847140178,226.8867157830867,0.0,,6/xray6.jpg
6,IAC canal2.mrk,IAC-2,145.25967576406123,262.2849085488596,0.0,,6/xray6.jpg
6,IAC canal2.mrk,IAC-3,169.3651935370723,287.0419268022223,0.0,,6/xray6.jpg
6,IAC Inf.mrk,IAC ,342.0448321693416,480.2874600656016,0.0,,6/xray6.jpg
6,IAC Sup.mrk,IAC SUP,340.83747026758783,456.1402220305265,0.0,,6/xray6.jpg
6,IAC.mrk,IAC INF,371.0531503452325,566.9873426170227,0.0,,6/xray6.jpg
6,IAC_2.mrk,IAC INF,343.65464803834664,503.227336198923,0.0,,6/xray6.jpg
6,MF Int.mrk,MF-int,764.3888553965368,787.9291747525143,0.0,,6/xray6.jpg
6,MF Sup.mrk,MF-sup,765.89577884027,764.3663718141379,0.0,,6/xray6.jpg
7,AMB.mrk,AMB-1,1028.1711883246005,-17.337164002555994,0.0,,7/xray7.jpg
7,AMB.mrk,AMB-2,1027.7370343095206,1171.517503927753,0.0,,7/xray7.jpg
7,IAC canal2.mrk,OC_1-1,305.00492807965617,715.200624766652,0.0,,7/xray7.jpg
7,IAC canal2.mrk,OC_1-1,371.0900231748611,809.5295571847042,0.0,,7/xray7.jpg
7,IAC canal2.mrk,OC_1-1,436.1802770874713,891.1043404613946,0.0,,7/xray7.jpg
7,IAC canal2.mrk,OC_1-1,513.9826401493298,942.8558287311752,0.0,,7/xray7.jpg
7,IAC canal2.mrk,OC_1-1,536.1082379821373,968.474942011268,0.0,,7/xray7.jpg
7,IAC canal2.mrk,OC_1-3,570.2552424640323,985.298386276504,0.0,,7/xray7.jpg
7,IAC canal2_1.mrk,OC_1-1,319.87520566179063,630.440249165954,0.0,,7/xray7.jpg
7,IAC canal2_1.mrk,OC_1-1,386.3286126710019,734.8285970184802,0.0,,7/xray7.jpg
7,IAC canal2_1.mrk,OC_1-1,414.0399524359767,782.9871389401353,0.0,,7/xray7.jpg
7,IAC canal2_1.mrk,OC_1-3,437.4466180627029,804.2414674977373,0.0,,7/xray7.jpg
7,LBM_1.mrk,LBM-1,-29.401241996677328,1111.4154056642387,0.0,,7/xray7.jpg
7,LBM_1.mrk,LBM-2,2058.71592055012,1109.0360729925887,0.0,,7/xray7.jpg
7,MF.mrk,MF-1,764.5109208155411,998.7812413099464,0.0,,7/xray7.jpg
7,Angle of Mandible.mrk,A_3-1,84.02183812339979,342.02686618580424,0.0,124.04313716270354,7/xray7.jpg
7,Angle of Mandible.mrk,A_3-2,260.4685320066143,954.6339269713478,0.0,124.04313716270354,7/xray7.jpg
7,Angle of Mandible.mrk,A_3-3,706.5416345203594,1099.3598668980296,0.0,124.04313716270354,7/xray7.jpg
7,Anterior of Ramus.mrk,anterior of ramus-1,428.7839439656845,609.4999935520704,0.0,,7/xray7.jpg
7,Anterior of Ramus.mrk,anterior of ramus-1,416.6894841212394,682.9970956836983,0.0,,7/xray7.jpg
7,Anterior of Ramus.mrk,anterior of ramus-2,456.694235914404,770.4493437896859,0.0,,7/xray7.jpg
7,Apex of PremolarMolar.mrk,Apex of Premolar/Molar,743.8070154732809,957.1804471402048,0.0,,7/xray7.jpg
7,Mid-symphyseal.mrk,AMB-1,1029.523904941091,-8.829265995184983,0.0,,7/xray7.jpg
7,Mid-symphyseal.mrk,AMB-2,1029.523904941091,1142.4702768894922,0.0,,7/xray7.jpg
7,Alveolar Crest1.mrk,A-1,611.0341281466203,799.9687801826678,0.0,99.53663575845904,7/xray7.jpg
7,Alveolar Crest1.mrk,Alveolar Crest1,632.6492975954231,797.6320051071217,0.0,99.53663575845904,7/xray7.jpg
7,Alveolar Crest1.mrk,A-3,634.4018789020828,767.8381228939071,0.0,99.53663575845904,7/xray7.jpg
7,Alveolar Crest2.mrk,A-1,781.6187086614959,800.5529739515545,0.0,101.61963637397918,7/xray7.jpg
7,Alveolar Crest2.mrk,Alveolar Crest2,793.3025840392271,797.0478113382351,0.0,101.61963637397918,7/xray7.jpg
7,Alveolar Crest2.mrk,A-3,790.9658089636808,770.7590917383399,0.0,101.61963637397918,7/xray7.jpg
7,Alveolar Crest3.mrk,A-1,711.5154563951087,809.3158804848529,0.0,80.1975032847548,7/xray7.jpg
7,Alveolar Crest3.mrk,Alveolar Crest3,733.714819612798,808.7316867159662,0.0,80.1975032847548,7/xray7.jpg
7,Alveolar Crest3.mrk,A-3,726.7044943861592,773.6800605827727,0.0,80.1975032847548,7/xray7.jpg
7,IAC canal1.mrk,IAC canal1-1,120.37169547881176,194.2249845050817,0.0,,7/xray7.jpg
7,IAC canal1.mrk,IAC canal1-2,154.67030502803365,250.1466305092479,0.0,,7/xray7.jpg
7,IAC canal2.mrk,IAC-1,121.80565847140178,226.8867157830867,0.0,,7/xray7.jpg
7,IAC canal2.mrk,IAC-2,145.25967576406123,262.2849085488596,0.0,,7/xray7.jpg
7,IAC canal2.mrk,IAC-3,169.3651935370723,287.0419268022223,0.0,,7/xray7.jpg
7,IAC Inf.mrk,IAC ,281.08058322099816,643.5218054803996,0.0,,7/xray7.jpg
7,IAC Sup.mrk,IAC SUP,280.8028680938402,638.8932200277666,0.0,,7/xray7.jpg
7,IAC.mrk,IAC INF,371.0531503452325,566.9873426170227,0.0,,7/xray7.jpg
7,IAC_2_1_1.mrk,IAC INF,281.2657266391035,647.5023889696641,0.0,,7/xray7.jpg
7,MF Int.mrk,MF-int,764.5051685125238,1004.547374287703,0.0,,7/xray7.jpg
7,MF Sup.mrk,MF-sup,765.3012513217254,993.8002563634808,0.0,,7/xray7.jpg
8,AMB.mrk,AMB-1,1078.824807224707,-0.1379392886050254,0.0,,8/xray8.jpg
8,AMB.mrk,AMB-2,1078.824807224707,1101.0477651970182,0.0,,8/xray8.jpg
8,IAC canal2.mrk,OC_1-1,299.4354784410957,703.766998065698,0.0,,8/xray8.jpg
8,IAC canal2.mrk,OC_1-1,336.7278219928543,741.9277700312294,0.0,,8/xray8.jpg
8,IAC canal2.mrk,OC_1-1,354.69553607168103,764.3546248303489,0.0,,8/xray8.jpg
8,IAC canal2.mrk,OC_1-1,381.0847836222381,811.4320132310273,0.0,,8/xray8.jpg
8,IAC canal2.mrk,OC_1-1,443.12224589222313,875.0704422692703,0.0,,8/xray8.jpg
8,IAC canal2.mrk,OC_1-3,496.1116706292584,904.5740032404252,0.0,,8/xray8.jpg
8,IAC canal2_1.mrk,OC_1-1,329.74597883657515,621.280350500066,0.0,,8/xray8.jpg
8,IAC canal2_1.mrk,OC_1-1,337.1971703048956,647.6998077023402,0.0,,8/xray8.jpg
8,IAC canal2_1.mrk,OC_1-1,357.48720052760586,686.3342488113365,0.0,,8/xray8.jpg
8,IAC canal2_1.mrk,OC_1-1,386.3286126710019,734.8285970184802,0.0,,8/xray8.jpg
8,IAC canal2_1.mrk,OC_1-1,425.2164369937748,782.5540720903352,0.0,,8/xray8.jpg
8,IAC canal2_1.mrk,OC_1-3,453.32186853803216,803.9219380073879,0.0,,8/xray8.jpg
8,LBM_1.mrk,LBM-1,-0.4915549989349586,1010.9975323535676,0.0,,8/xray8.jpg
8,LBM_1.mrk,LBM-2,2078.382391787008,1007.138236660277,0.0,,8/xray8.jpg
8,MF.mrk,MF-1,886.3461026636733,892.5528913079698,0.0,,8/xray8.jpg
8,Angle of Mandible.mrk,A_3-1,61.232721444210085,359.723326466613,0.0,128.51687984106889,8/xray8.jpg
8,Angle of Mandible.mrk,A_3-2,326.2357528886658,912.2546470283032,0.0,128.51687984106889,8/xray8.jpg
8,Angle of Mandible.mrk,A_3-3,656.1645270370133,987.7805109899732,0.0,128.51687984106889,8/xray8.jpg
8,Anterior of Ramus.mrk,anterior of ramus-1,530.3466169228736,490.517781799702,0.0,,8/xray8.jpg
8,Anterior of Ramus.mrk,anterior of ramus-1,477.7407538346425,583.7866620131986,0.0,,8/xray8.jpg
8,Anterior of Ramus.mrk,anterior of ramus-2,501.1274586654504,678.0878911696815,0.0,,8/xray8.jpg
8,Apex of PremolarMolar.mrk,Apex of Premolar/Molar,877.5705110382441,856.2202413455688,0.0,,8/xray8.jpg
8,Mid-symphyseal.mrk,AMB-1,1078.7496158265117,-18.10274713604258,0.0,,8/xray8.jpg
8,Mid-symphyseal.mrk,AMB-2,1080.626828902789,1111.979524782878,0.0,,8/xray8.jpg
8,Alveolar Crest1.mrk,A-1,673.1375971795424,715.4023730458413,0.0,86.1465195463984,8/xray8.jpg
8,Alveolar Crest1.mrk,Alveolar Crest1,690.1766163091777,715.8080639774992,0.0,86.1465195463984,8/xray8.jpg
8,Alveolar Crest1.mrk,A-3,688.9595435142038,687.8153896930983,0.0,86.1465195463984,8/xray8.jpg
8,Alveolar Crest2.mrk,A-1,847.2257294740348,713.9447417560314,0.0,89.24819963716249,8/xray8.jpg
8,Alveolar Crest2.mrk,Alveolar Crest2,855.2928254939773,713.3739183875514,0.0,89.24819963716249,8/xray8.jpg
8,Alveolar Crest2.mrk,A-3,853.6973058152853,694.370488566897,0.0,89.24819963716249,8/xray8.jpg
8,Alveolar Crest3.mrk,A-1,783.485530590514,718.2422095674472,0.0,48.12213046211557,8/xray8.jpg
8,Alveolar Crest3.mrk,Alveolar Crest3,788.7595127020679,720.676355157395,0.0,48.12213046211557,8/xray8.jpg
8,Alveolar Crest3.mrk,A-3,785.5139852488039,710.1283909342875,0.0,48.12213046211557,8/xray8.jpg
8,IAC canal1.mrk,IAC canal1-1,120.37169547881176,194.2249845050817,0.0,,8/xray8.jpg
8,IAC canal1.mrk,IAC canal1-2,154.67030502803365,250.1466305092479,0.0,,8/xray8.jpg
8,IAC canal2.mrk,IAC-1,121.80565847140178,226.8867157830867,0.0,,8/xray8.jpg
8,IAC canal2.mrk,IAC-2,145.25967576406123,262.2849085488596,0.0,,8/xray8.jpg
8,IAC canal2.mrk,IAC-3,169.3651935370723,287.0419268022223,0.0,,8/xray8.jpg
8,IAC Inf.mrk,IAC ,284.6784002102584,639.3475094439858,0.0,,8/xray8.jpg
8,IAC Sup.mrk,IAC SUP,284.528969894262,635.6117515440768,0.0,,8/xray8.jpg
8,IAC.mrk,IAC INF,371.0531503452325,566.9873426170227,0.0,,8/xray8.jpg
8,IAC_2_1_1.mrk,IAC INF,284.8278305262547,643.8304189238767,0.0,,8/xray8.jpg
8,MF Int.mrk,MF-int,886.8581624561042,898.0146727259391,0.0,,8/xray8.jpg
8,MF Sup.mrk,MF-sup,885.8630569470478,887.7319157990227,0.0,,8/xray8.jpg
9,AMB.mrk,AMB-1,1037.6767838125666,-19.58839190628328,0.0,,9/xray9.jpg
9,AMB.mrk,AMB-2,1041.3775787007453,1010.2306325878596,0.0,,9/xray9.jpg
9,IAC canal2.mrk,OC_1-1,354.26963521335074,619.7758935163484,0.0,,9/xray9.jpg
9,IAC canal2.mrk,OC_1-1,380.7736722945551,656.3642737456511,0.0,,9/xray9.jpg
9,IAC canal2.mrk,OC_1-1,427.6182244885976,728.0592896036061,0.0,,9/xray9.jpg
9,IAC canal2.mrk,OC_1-3,458.752713446833,759.7650535885982,0.0,,9/xray9.jpg
9,IAC canal2_1.mrk,OC_1-1,368.2674081782847,559.532741934874,0.0,,9/xray9.jpg
9,IAC canal2_1.mrk,OC_1-1,399.6126870787426,608.9388285435954,0.0,,9/xray9.jpg
9,IAC canal2_1.mrk,OC_1-1,415.4936463561348,653.9660189653787,0.0,,9/xray9.jpg
9,IAC canal2_1.mrk,OC_1-3,451.5538603918121,708.3167045511645,0.0,,9/xray9.jpg
9,LBM_1.mrk,LBM-1,-4.053452651416478,942.2627179539086,0.0,,9/xray9.jpg
9,LBM_1.mrk,LBM-2,2048.474368868329,943.0860343684772,0.0,,9/xray9.jpg
9,MF.mrk,MF-1,813.0112466452125,812.3683174925412,0.0,,9/xray9.jpg
9,Angle of Mandible.mrk,A_3-1,140.98740510640428,200.9544352352367,0.0,116.77866722325848,9/xray9.jpg
9,Angle of Mandible.mrk,A_3-2,272.6918537347181,806.5697631158587,0.0,116.77866722325848,9/xray9.jpg
9,Angle of Mandible.mrk,A_3-3,720.7121148806059,922.5147050706988,0.0,116.77866722325848,9/xray9.jpg
9,Anterior of Ramus.mrk,anterior of ramus-1,478.6311144910841,426.20578246012695,0.0,,9/xray9.jpg
9,Anterior of Ramus.mrk,anterior of ramus-1,453.4550885522861,506.5754037262899,0.0,,9/xray9.jpg
9,Anterior of Ramus.mrk,anterior of ramus-2,491.70328180546,563.2214620885856,0.0,,9/xray9.jpg
9,Apex of PremolarMolar.mrk,Apex of Premolar/Molar,768.7123430116377,801.6325680475768,0.0,,9/xray9.jpg
9,Mid-symphyseal.mrk,AMB-1,1037.9828924047106,-7.30819169858205,0.0,,9/xray9.jpg
9,Mid-symphyseal.mrk,AMB-2,1040.0451292053374,1002.041791145124,0.0,,9/xray9.jpg
9,Alveolar Crest1.mrk,A-1,655.3398948094268,686.6069096113408,0.0,87.26148196568934,9/xray9.jpg
9,Alveolar Crest1.mrk,Alveolar Crest1,674.7166851201181,688.6465717493082,0.0,87.26148196568934,9/xray9.jpg
9,Alveolar Crest1.mrk,A-3,676.7563472580856,652.952484334877,0.0,87.26148196568934,9/xray9.jpg
9,Alveolar Crest2.mrk,A-1,820.5525279847942,688.1366562148163,0.0,112.6198649480406,9/xray9.jpg
9,Alveolar Crest2.mrk,Alveolar Crest2,832.7905008125992,683.0375008698975,0.0,112.6198649480406,9/xray9.jpg
9,Alveolar Crest2.mrk,A-3,832.7905008125992,662.6408794902226,0.0,112.6198649480406,9/xray9.jpg
9,Alveolar Crest3.mrk,A-1,751.2040152938993,697.31513583567,0.0,104.18337097161364,9/xray9.jpg
9,Alveolar Crest3.mrk,Alveolar Crest3,769.5609745356068,693.7457270942269,0.0,104.18337097161364,9/xray9.jpg
9,Alveolar Crest3.mrk,A-3,771.0907211390823,666.2102882316657,0.0,104.18337097161364,9/xray9.jpg
9,IAC canal1.mrk,IAC canal1-1,120.37169547881176,194.2249845050817,0.0,,9/xray9.jpg
9,IAC canal1.mrk,IAC canal1-2,154.67030502803365,250.1466305092479,0.0,,9/xray9.jpg
9,IAC canal2.mrk,IAC-1,121.80565847140178,226.8867157830867,0.0,,9/xray9.jpg
9,IAC canal2.mrk,IAC-2,145.25967576406123,262.2849085488596,0.0,,9/xray9.jpg
9,IAC canal2.mrk,IAC-3,169.3651935370723,287.0419268022223,0.0,,9/xray9.jpg
9,IAC Inf.mrk,IAC ,365.5009393496612,553.9998042776272,0.0,,9/xray9.jpg
9,IAC Sup.mrk,IAC SUP,361.351236106726,545.239319653653,0.0,,9/xray9.jpg
9,IAC.mrk,IAC INF,371.0531503452325,566.9873426170227,0.0,,9/xray9.jpg
9,IAC_2_1_1.mrk,IAC INF,367.3452519020768,565.065679592121,0.0,,9/xray9.jpg
9,MF Int.mrk,MF-int,813.4320674611497,819.7071020865478,0.0,,9/xray9.jpg
9,MF Sup.mrk,MF-sup,812.3877604465104,805.6089573889165,0.0,,9/xray9.jpg
10,AMB.mrk,AMB-1,1044.219914802982,-23.43343982960596,0.0,,10/xray10.jpg
10,AMB.mrk,AMB-2,1044.2199148029822,1106.3471778487751,0.0,,10/xray10.jpg
10,IAC CANAL 1.mrk,OC-1,314.48581827361704,599.3119886456657,0.0,,10/xray10.jpg
10,IAC CANAL 1.mrk,OC-1,409.4450097579309,748.8186498187341,0.0,,10/xray10.jpg
10,IAC CANAL 1.mrk,OC-2,541.5930507609147,854.2315380176464,0.0,,10/xray10.jpg
10,IAC canal2.mrk,OC_1-1,345.7663427011548,561.5553692201062,0.0,,10/xray10.jpg
10,IAC canal2.mrk,OC_1-1,346.99764530514705,586.9202028623473,0.0,,10/xray10.jpg
10,IAC canal2.mrk,OC_1-1,356.72493587668606,614.3782509313753,0.0,,10/xray10.jpg
10,IAC canal2.mrk,OC_1-1,380.7736722945551,656.3642737456511,0.0,,10/xray10.jpg
10,IAC canal2.mrk,OC_1-1,427.6182244885976,728.0592896036061,0.0,,10/xray10.jpg
10,IAC canal2.mrk,OC_1-3,458.752713446833,759.7650535885982,0.0,,10/xray10.jpg
10,LBM_1.mrk,LBM-1,-13.586261980830614,988.5708200212993,0.0,,10/xray10.jpg
10,LBM_1.mrk,LBM-2,2071.49148029819,988.5708200212993,0.0,,10/xray10.jpg
10,MF.mrk,MF-1,782.4764256088606,861.2211308179766,0.0,,10/xray10.jpg
10,Angle of Mandible.mrk,A_3-1,127.937307960844,207.6152066637835,0.0,133.0752050821852,10/xray10.jpg
10,Angle of Mandible.mrk,A_3-2,330.95160952303934,784.6032216300234,0.0,133.0752050821852,10/xray10.jpg
10,Angle of Mandible.mrk,A_3-3,779.7200656078924,981.5118299121528,0.0,133.0752050821852,10/xray10.jpg
10,Anterior of Ramus.mrk,anterior of ramus-1,506.9744190249844,466.7325556520136,0.0,,10/xray10.jpg
10,Anterior of Ramus.mrk,anterior of ramus-1,468.6777468420342,513.2356575884533,0.0,,10/xray10.jpg
10,Anterior of Ramus.mrk,anterior of ramus-2,469.5895723701997,586.6376126057746,0.0,,10/xray10.jpg
10,Apex of PremolarMolar.mrk,Apex of Premolar/Molar,786.3710215119352,825.2909514817162,0.0,,10/xray10.jpg
10,Mid-symphyseal.mrk,AMB-1,1046.0393114221918,-7.737717236114008,0.0,,10/xray10.jpg
10,Mid-symphyseal.mrk,AMB-2,1046.2187567410665,1096.8849748231312,0.0,,10/xray10.jpg
10,Alveolar Crest1.mrk,A-1,839.600046206069,720.7131853671436,0.0,91.43209618416437,10/xray10.jpg
10,Alveolar Crest1.mrk,Alveolar Crest1,853.8391096757214,720.3572087804024,0.0,91.43209618416437,10/xray10.jpg
10,Alveolar Crest1.mrk,A-3,853.8391096757214,691.5231052543562,0.0,91.43209618416437,10/xray10.jpg
10,Alveolar Crest2.mrk,A-1,778.3720732865635,718.5773258466959,0.0,93.14902041884736,10/xray10.jpg
10,Alveolar Crest2.mrk,Alveolar Crest2,790.1193006490267,717.509396086472,0.0,93.14902041884736,10/xray10.jpg
10,Alveolar Crest2.mrk,A-3,789.407347475544,697.5747072289586,0.0,93.14902041884736,10/xray10.jpg
10,Alveolar Crest3.mrk,A-1,721.0598428212124,706.4741218974914,0.0,81.79252324384066,10/xray10.jpg
10,Alveolar Crest3.mrk,Alveolar Crest3,732.0951170101931,707.8980282444567,0.0,81.79252324384066,10/xray10.jpg
10,Alveolar Crest3.mrk,A-3,731.7391404234518,684.0475969327888,0.0,81.79252324384066,10/xray10.jpg
10,IAC canal1.mrk,IAC canal1-1,120.37169547881176,194.2249845050817,0.0,,10/xray10.jpg
10,IAC canal1.mrk,IAC canal1-2,154.67030502803365,250.1466305092479,0.0,,10/xray10.jpg
10,IAC canal2.mrk,IAC-1,121.80565847140178,226.8867157830867,0.0,,10/xray10.jpg
10,IAC canal2.mrk,IAC-2,145.25967576406123,262.2849085488596,0.0,,10/xray10.jpg
10,IAC canal2.mrk,IAC-3,169.3651935370723,287.0419268022223,0.0,,10/xray10.jpg
10,IAC Inf.mrk,IAC ,324.95816944403555,545.1348805963646,0.0,,10/xray10.jpg
10,IAC INT.mrk,IAC INT,325.33345554490586,549.8618832613728,0.0,,10/xray10.jpg
10,IAC Sup.mrk,IAC SUP,324.5498162092183,540.5572170416342,0.0,,10/xray10.jpg
10,IAC.mrk,IAC INF,371.0531503452325,566.9873426170227,0.0,,10/xray10.jpg
10,IAC_2_1.mrk,IAC INF,278.6880385744436,458.44514750234686,0.0,,10/xray10.jpg
10,MF Int.mrk,MF-int,782.8665922222855,866.3784807004764,0.0,,10/xray10.jpg
10,MF Sup.mrk,MF-sup,782.1891065470546,856.1836946004008,0.0,,10/xray10.jpg
11,AMB.mrk,AMB-1,1031.1336528221514,-23.43343982960596,0.0,,11/xray11.jpg
11,AMB.mrk,AMB-2,1033.314696485623,1123.7955271565495,0.0,,11/xray11.jpg
11,IAC canal2.mrk,OC_1-1,276.238891696241,498.2116623089684,0.0,,11/xray11.jpg
11,IAC canal2.mrk,OC_1-1,294.57220252938845,560.7146061963332,0.0,,11/xray11.jpg
11,IAC canal2.mrk,OC_1-1,321.5076221118295,632.3643066795441,0.0,,11/xray11.jpg
11,IAC canal2_1.mrk,OC_1-1,240.8899621286949,560.9952224866997,0.0,,11/xray11.jpg
11,IAC canal2_1.mrk,OC_1-1,293.0121815299256,669.2760621182126,0.0,,11/xray11.jpg
11,IAC canal2_1.mrk,OC_1-1,387.6043574803075,832.4870521624704,0.0,,11/xray11.jpg
11,IAC canal2_1.mrk,OC_1-3,481.5688204530655,917.895889739695,0.0,,11/xray11.jpg
11,LBM_1.mrk,LBM-1,-33.215654952076704,1058.364217252396,0.0,,11/xray11.jpg
11,LBM_1.mrk,LBM-2,2091.120873269436,1051.8210862619808,0.0,,11/xray11.jpg
11,MF.mrk,MF-1,746.2055564200213,950.564155542492,0.0,,11/xray11.jpg
11,Angle of Mandible.mrk,A_3-1,152.0317890542289,197.2491662814465,0.0,122.15765005606129,11/xray11.jpg
11,Angle of Mandible.mrk,A_3-2,241.4319739761048,844.3908535898414,0.0,122.15765005606129,11/xray11.jpg
11,Angle of Mandible.mrk,A_3-3,679.0285905977861,1041.9019334907748,0.0,122.15765005606129,11/xray11.jpg
11,Anterior of Ramus.mrk,anterior of ramus-1,453.3311432441837,399.81179343127616,0.0,,11/xray11.jpg
11,Anterior of Ramus.mrk,anterior of ramus-1,410.7274394841412,473.9533038708306,0.0,,11/xray11.jpg
11,Anterior of Ramus.mrk,anterior of ramus-2,431.1993490831227,577.9727364278174,0.0,,11/xray11.jpg
11,Apex of PremolarMolar.mrk,Apex of Premolar/Molar,761.3615861742626,915.6471497790952,0.0,,11/xray11.jpg
11,Mid-symphyseal.mrk,AMB-1,1028.8146782589638,-9.13996551648546,0.0,,11/xray11.jpg
11,Mid-symphyseal.mrk,AMB-2,1028.8146782589638,1130.00786405134,0.0,,11/xray11.jpg
11,Alveolar Crest1.mrk,A-1,574.8681959797118,728.1270110556834,0.0,65.98102775459601,11/xray11.jpg
11,Alveolar Crest1.mrk,Alveolar Crest1,599.3050281882346,737.525792674346,0.0,65.98102775459601,11/xray11.jpg
11,Alveolar Crest1.mrk,A-3,597.4252718645021,701.4344712586815,0.0,65.98102775459601,11/xray11.jpg
11,Alveolar Crest2.mrk,A-1,759.4602669702458,757.8271609706572,0.0,86.36530565406956,11/xray11.jpg
11,Alveolar Crest2.mrk,Alveolar Crest2,774.4983175601061,758.2031122354038,0.0,86.36530565406956,11/xray11.jpg
11,Alveolar Crest2.mrk,A-3,773.3704637658666,728.8789135851764,0.0,86.36530565406956,11/xray11.jpg
11,Alveolar Crest3.mrk,A-1,686.5257216094238,749.9321844109807,0.0,91.22582818449504,11/xray11.jpg
11,Alveolar Crest3.mrk,Alveolar Crest3,701.563772199284,749.1802818814876,0.0,91.22582818449504,11/xray11.jpg
11,Alveolar Crest3.mrk,A-3,700.811869669791,722.8636933492323,0.0,91.22582818449504,11/xray11.jpg
11,IAC canal1.mrk,IAC canal1-1,120.37169547881176,194.2249845050817,0.0,,11/xray11.jpg
11,IAC canal1.mrk,IAC canal1-2,154.67030502803365,250.1466305092479,0.0,,11/xray11.jpg
11,IAC canal2.mrk,IAC-1,121.80565847140178,226.8867157830867,0.0,,11/xray11.jpg
11,IAC canal2.mrk,IAC-2,145.25967576406123,262.2849085488596,0.0,,11/xray11.jpg
11,IAC canal2.mrk,IAC-3,169.3651935370723,287.0419268022223,0.0,,11/xray11.jpg
11,IAC Inf.mrk,IAC ,251.9042797133396,472.3997236441311,0.0,,11/xray11.jpg
11,IAC Sup.mrk,IAC SUP,250.0364826559584,455.5895501277002,0.0,,11/xray11.jpg
11,IAC.mrk,IAC INF,371.0531503452325,566.9873426170227,0.0,,11/xray11.jpg
11,IAC_2_1_1.mrk,IAC INF,252.70476416650297,488.4094127073986,0.0,,11/xray11.jpg
11,MF Int.mrk,MF-int,746.0989590211552,967.8335374580552,0.0,,11/xray11.jpg
11,MF Sup.mrk,MF-sup,745.3518686678508,934.7017043984752,0.0,,11/xray11.jpg
12,AMB.mrk,AMB-1,1048.5820021299255,-26.13152289669869,0.0,,12/xray12.jpg
12,AMB.mrk,AMB-2,1050.7630457933974,1016.4073482428116,0.0,,12/xray12.jpg
12,IAC canal2.mrk,OC_1-1,346.85321683567474,479.81990459562974,0.0,,12/xray12.jpg
12,IAC canal2.mrk,OC_1-1,395.2618838659487,576.4060305725807,0.0,,12/xray12.jpg
12,IAC canal2.mrk,OC_1-1,413.01866468622376,601.6959911347906,0.0,,12/xray12.jpg
12,IAC canal2_2.mrk,OC_1-1,340.104264986652,563.5464464986449,0.0,,12/xray12.jpg
12,IAC canal2_2.mrk,OC_1-1,420.3301744531403,675.90472284569,0.0,,12/xray12.jpg
12,IAC canal2_2.mrk,OC_1-1,479.1345059992574,740.5894875464188,0.0,,12/xray12.jpg
12,IAC canal2_2.mrk,OC_1-2,532.6884508001855,800.6539119113812,0.0,,12/xray12.jpg
12,IAC canal2_2.mrk,OC_1-3,604.7237569441788,825.2257218788658,0.0,,12/xray12.jpg
12,LBM_1.mrk,LBM-1,-26.6725239616614,909.5362087326944,0.0,,12/xray12.jpg
12,LBM_1.mrk,LBM-2,2062.7673056443027,909.5362087326944,0.0,,12/xray12.jpg
12,MF.mrk,MF-1,799.5711909094969,781.2714750840429,0.0,,12/xray12.jpg
12,Angle of Mandible.mrk,A_3-1,101.48033762361652,218.11146760147585,0.0,124.46627109377212,12/xray12.jpg
12,Angle of Mandible.mrk,A_3-2,357.0443922758133,817.2855690255517,0.0,124.46627109377212,12/xray12.jpg
12,Angle of Mandible.mrk,A_3-3,840.499584870849,914.4749040590408,0.0,124.46627109377212,12/xray12.jpg
12,Anterior of Ramus.mrk,anterior of ramus-1,496.4710003017742,409.2292698440976,0.0,,12/xray12.jpg
12,Anterior of Ramus.mrk,anterior of ramus-1,470.9513931353199,483.581072467069,0.0,,12/xray12.jpg
12,Anterior of Ramus.mrk,anterior of ramus-2,505.1801362600191,567.7525653967753,0.0,,12/xray12.jpg
12,Apex of PremolarMolar.mrk,Apex of Premolar/Molar,809.2579513743441,768.918633757311,0.0,,12/xray12.jpg
12,Mid-symphyseal.mrk,AMB-1,1047.083533789944,-4.8334536834271375,0.0,,12/xray12.jpg
12,Mid-symphyseal.mrk,AMB-2,1043.6292542494175,1008.8114384848056,0.0,,12/xray12.jpg
12,Alveolar Crest1.mrk,A-1,632.3266397244971,645.3567565933375,0.0,88.52000976218456,12/xray12.jpg
12,Alveolar Crest1.mrk,Alveolar Crest1,648.2045878513516,647.2679910900886,0.0,88.52000976218456,12/xray12.jpg
12,Alveolar Crest1.mrk,A-3,650.8509125391606,619.1875457916701,0.0,88.52000976218456,12/xray12.jpg
12,Alveolar Crest2.mrk,A-1,791.8412111840995,663.4399752933662,0.0,105.97383289342606,12/xray12.jpg
12,Alveolar Crest2.mrk,Alveolar Crest2,805.9549428524145,660.0585604144991,0.0,105.97383289342606,12/xray12.jpg
12,Alveolar Crest2.mrk,A-3,807.1520487143368,632.6477363369976,0.0,105.97383289342606,12/xray12.jpg
12,Alveolar Crest3.mrk,A-1,729.799599058798,663.145939216943,0.0,112.29715787678732,12/xray12.jpg
12,Alveolar Crest3.mrk,Alveolar Crest3,750.8231785230589,656.6771455356319,0.0,112.29715787678732,12/xray12.jpg
12,Alveolar Crest3.mrk,A-3,753.3224851726563,629.18477239006,0.0,112.29715787678732,12/xray12.jpg
12,IAC canal1.mrk,IAC canal1-1,120.37169547881176,194.2249845050817,0.0,,12/xray12.jpg
12,IAC canal1.mrk,IAC canal1-2,154.67030502803365,250.1466305092479,0.0,,12/xray12.jpg
12,IAC canal2.mrk,IAC-1,121.80565847140178,226.8867157830867,0.0,,12/xray12.jpg
12,IAC canal2.mrk,IAC-2,145.25967576406123,262.2849085488596,0.0,,12/xray12.jpg
12,IAC canal2.mrk,IAC-3,169.3651935370723,287.0419268022223,0.0,,12/xray12.jpg
12,IAC Inf.mrk,IAC ,312.35616946324944,482.2922513514693,0.0,,12/xray12.jpg
12,IAC Sup.mrk,IAC SUP,312.0846486594897,479.4517260198292,0.0,,12/xray12.jpg
12,IAC.mrk,IAC INF,371.0531503452325,566.9873426170227,0.0,,12/xray12.jpg
12,IAC_2_1_1.mrk,IAC INF,312.47220399477067,485.5412182340641,0.0,,12/xray12.jpg
12,MF Int.mrk,MF-int,799.5711909094969,784.204164032116,0.0,,12/xray12.jpg
12,MF Sup.mrk,MF-sup,799.2157134612455,777.7167006015301,0.0,,12/xray12.jpg
13,AMB.mrk,AMB-1,1011.843010040648,-7.813021548481629,0.0,,13/xray13.jpg
13,AMB.mrk,AMB-2,1013.6853035143772,1097.6230031948885,0.0,,13/xray13.jpg
13,IAC canal2.mrk,OC_1-1,393.2796247033045,583.4889006250091,0.0,,13/xray13.jpg
13,IAC canal2.mrk,OC_1-1,409.8257159221972,619.809588666481,0.0,,13/xray13.jpg
13,IAC canal2.mrk,OC_1-1,439.28582955583545,671.0621151250022,0.0,,13/xray13.jpg
13,IAC canal2_2.mrk,OC_1-1,355.6109064320698,619.3889789564327,0.0,,13/xray13.jpg
13,IAC canal2_2.mrk,OC_1-1,373.4879765154657,657.8006191383181,0.0,,13/xray13.jpg
13,IAC canal2_2.mrk,OC_1-2,449.1704920601819,781.1960249177467,0.0,,13/xray13.jpg
13,IAC canal2_2.mrk,OC_1-3,480.1310099204255,811.1901061038194,0.0,,13/xray13.jpg
13,LBM_1.mrk,LBM-1,-4.862087326943481,1036.5537806176785,0.0,,13/xray13.jpg
13,LBM_1.mrk,LBM-2,2073.6725239616617,1027.8296059637912,0.0,,13/xray13.jpg
13,MF.mrk,MF-1,820.8551704135975,931.4755184629096,0.0,,13/xray13.jpg
13,Angle of Mandible.mrk,A_3-1,221.8168664125856,188.7739745736278,0.0,127.02805166515896,13/xray13.jpg
13,Angle of Mandible.mrk,A_3-2,323.55119279320894,805.0267332240697,0.0,127.02805166515896,13/xray13.jpg
13,Angle of Mandible.mrk,A_3-3,696.3009572826223,1000.3423476961924,0.0,127.02805166515896,13/xray13.jpg
13,Anterior of Ramus.mrk,anterior of ramus-1,493.2889526229048,485.211430605737,0.0,,13/xray13.jpg
13,Anterior of Ramus.mrk,anterior of ramus-1,472.4537625801532,539.8139976143275,0.0,,13/xray13.jpg
13,Anterior of Ramus.mrk,anterior of ramus-2,502.6288654006901,638.2423091956026,0.0,,13/xray13.jpg
13,Apex of PremolarMolar.mrk,Apex of Premolar/Molar,827.2830966251512,889.8541277078748,0.0,,13/xray13.jpg
13,Mid-symphyseal.mrk,AMB-1,1010.5362437486071,-14.9557242365442,0.0,,13/xray13.jpg
13,Mid-symphyseal.mrk,AMB-2,1010.9750633989388,1102.0609939655908,0.0,,13/xray13.jpg
13,Alveolar Crest1.mrk,A-1,676.1151810195419,733.7816663187779,0.0,94.957038386777,13/xray13.jpg
13,Alveolar Crest1.mrk,Alveolar Crest1,695.1539557119705,732.8053188986534,0.0,94.957038386777,13/xray13.jpg
13,Alveolar Crest1.mrk,A-3,696.6184768421573,691.3105535433601,0.0,94.957038386777,13/xray13.jpg
13,Alveolar Crest2.mrk,A-1,847.1453182865652,717.9620506811895,0.0,2.8116960080988807,13/xray13.jpg
13,Alveolar Crest2.mrk,Alveolar Crest2,845.2758883151463,744.5494991635919,0.0,2.8116960080988807,13/xray13.jpg
13,Alveolar Crest2.mrk,A-3,845.8990316389526,715.0540485034267,0.0,2.8116960080988807,13/xray13.jpg
13,Alveolar Crest3.mrk,A-1,775.2940692965377,743.0753890017306,0.0,101.95321458312527,13/xray13.jpg
13,Alveolar Crest3.mrk,Alveolar Crest3,784.8471136534388,741.7485772854944,0.0,101.95321458312527,13/xray13.jpg
13,Alveolar Crest3.mrk,A-3,786.7255802454516,715.1920114396065,0.0,101.95321458312527,13/xray13.jpg
13,IAC canal1.mrk,IAC canal1-1,120.37169547881176,194.2249845050817,0.0,,13/xray13.jpg
13,IAC canal1.mrk,IAC canal1-2,154.67030502803365,250.1466305092479,0.0,,13/xray13.jpg
13,IAC canal2.mrk,IAC-1,121.80565847140178,226.8867157830867,0.0,,13/xray13.jpg
13,IAC canal2.mrk,IAC-2,145.25967576406123,262.2849085488596,0.0,,13/xray13.jpg
13,IAC canal2.mrk,IAC-3,169.3651935370723,287.0419268022223,0.0,,13/xray13.jpg
13,IAC Inf.mrk,IAC ,362.8687779762336,569.2885329129458,0.0,,13/xray13.jpg
13,IAC Sup.mrk,IAC SUP,362.8687779762336,556.4709142855597,0.0,,13/xray13.jpg
13,IAC.mrk,IAC INF,371.0531503452325,566.9873426170227,0.0,,13/xray13.jpg
13,IAC_2_1_1.mrk,IAC INF,362.8687779762336,582.8601291066487,0.0,,13/xray13.jpg
13,MF Int.mrk,MF-int,820.7156149891496,944.2418697897753,0.0,,13/xray13.jpg
13,MF Sup.mrk,MF-sup,820.2233900442734,918.1539477113388,0.0,,13/xray13.jpg
14,AMB.mrk,AMB-1,1029.4987424920128,-11.355692438764663,0.0,,14/xray14.jpg
14,AMB.mrk,AMB-2,1029.4987424920128,1100.2018692225772,0.0,,14/xray14.jpg
14,IAC canal2.mrk,OC_1-1,420.0323714289544,601.0615695737665,0.0,,14/xray14.jpg
14,IAC canal2.mrk,OC_1-1,445.5421410141132,672.2204005218413,0.0,,14/xray14.jpg
14,IAC canal2.mrk,OC_1-1,490.9467940802051,746.0520710144551,0.0,,14/xray14.jpg
14,IAC canal2.mrk,OC_1-1,537.9861991089591,799.7435131179825,0.0,,14/xray14.jpg
14,LBM_1.mrk,LBM-1,-13.717124600638796,1017.789825772098,0.0,,14/xray14.jpg
14,LBM_1.mrk,LBM-2,2070.7045597444085,1021.8099254526091,0.0,,14/xray14.jpg
14,MF.mrk,MF-1,836.9154090700824,866.1469832111081,0.0,,14/xray14.jpg
14,Angle of Mandible.mrk,A_3-1,246.3303660870764,252.27731076478744,0.0,135.78691284294385,14/xray14.jpg
14,Angle of Mandible.mrk,A_3-2,394.1349379701285,793.5616213094781,0.0,135.78691284294385,14/xray14.jpg
14,Angle of Mandible.mrk,A_3-3,600.8616026984512,915.4005251590212,0.0,135.78691284294385,14/xray14.jpg
14,Anterior of Ramus.mrk,anterior of ramus-1,550.0507814179806,432.4994810257807,0.0,,14/xray14.jpg
14,Anterior of Ramus.mrk,anterior of ramus-1,514.7781852751959,516.8770639555793,0.0,,14/xray14.jpg
14,Anterior of Ramus.mrk,anterior of ramus-2,595.1693500679423,650.4364802870821,0.0,,14/xray14.jpg
14,Apex of PremolarMolar.mrk,Apex of Premolar/Molar,831.0506622262061,854.642055616937,0.0,,14/xray14.jpg
14,Mid-symphyseal.mrk,AMB-1,1028.6810879583795,-16.090126413632163,0.0,,14/xray14.jpg
14,Mid-symphyseal.mrk,AMB-2,1029.5989390060556,1100.9345986080148,0.0,,14/xray14.jpg
14,Alveolar Crest1.mrk,A-1,656.4669507038233,718.2999903898303,0.0,75.22347308699801,14/xray14.jpg
14,Alveolar Crest1.mrk,Alveolar Crest1,683.2313952508813,731.4553953366893,0.0,75.22347308699801,14/xray14.jpg
14,Alveolar Crest1.mrk,A-3,694.5722615843804,675.2046983225335,0.0,75.22347308699801,14/xray14.jpg
14,Alveolar Crest2.mrk,A-1,825.9648171163814,750.4463564641138,0.0,121.21840276434604,14/xray14.jpg
14,Alveolar Crest2.mrk,Alveolar Crest2,836.1842985868242,747.8914860965032,0.0,121.21840276434604,14/xray14.jpg
14,Alveolar Crest2.mrk,A-3,847.1005628847971,712.5878228349736,0.0,121.21840276434604,14/xray14.jpg
14,Alveolar Crest3.mrk,A-1,756.7202090919558,737.3526458301089,0.0,87.67720510504566,14/xray14.jpg
14,Alveolar Crest3.mrk,Alveolar Crest3,786.6600962123935,740.5280884034887,0.0,87.67720510504566,14/xray14.jpg
14,Alveolar Crest3.mrk,A-3,789.3819041324333,698.7937002962119,0.0,87.67720510504566,14/xray14.jpg
14,IAC canal1.mrk,IAC canal1-1,120.37169547881176,194.2249845050817,0.0,,14/xray14.jpg
14,IAC canal1.mrk,IAC canal1-2,154.67030502803365,250.1466305092479,0.0,,14/xray14.jpg
14,IAC canal2.mrk,IAC-1,121.80565847140178,226.8867157830867,0.0,,14/xray14.jpg
14,IAC canal2.mrk,IAC-2,145.25967576406123,262.2849085488596,0.0,,14/xray14.jpg
14,IAC canal2.mrk,IAC-3,169.3651935370723,287.0419268022223,0.0,,14/xray14.jpg
14,IAC Inf.mrk,IAC ,415.5814359341883,593.6438374848113,0.0,,14/xray14.jpg
14,IAC Sup.mrk,IAC SUP,414.3563057749243,585.2689871182017,0.0,,14/xray14.jpg
14,IAC.mrk,IAC INF,371.0531503452325,566.9873426170227,0.0,,14/xray14.jpg
14,IAC_2_1_1.mrk,IAC INF,416.2864889580097,600.3244159462682,0.0,,14/xray14.jpg
14,MF Int.mrk,MF-int,836.7385967298901,873.0184593980699,0.0,,14/xray14.jpg
14,MF Sup.mrk,MF-sup,837.6136635766106,859.0173898505401,0.0,,14/xray14.jpg
15,AMB.mrk,AMB-1,1011.7957494222936,-20.44931387960719,0.0,,15/xray15.jpg
15,AMB.mrk,AMB-2,1011.7957494222936,1145.615680052522,0.0,,15/xray15.jpg
15,IAC canal2 Copy.mrk,OC_1-1,373.46215120433067,736.1574224780329,0.0,,15/xray15.jpg
15,IAC canal2 Copy.mrk,OC_1-1,397.28759274992217,777.7682623175707,0.0,,15/xray15.jpg
15,IAC canal2 Copy.mrk,OC_1-1,482.2130559959052,878.6126795689304,0.0,,15/xray15.jpg
15,IAC canal2 Copy.mrk,OC_1-1,546.1105627355314,918.2963942809088,0.0,,15/xray15.jpg
15,IAC canal2.mrk,OC_1-1,383.18575546948017,723.8936812334563,0.0,,15/xray15.jpg
15,IAC canal2.mrk,OC_1-1,429.39264143605806,770.9384549922204,0.0,,15/xray15.jpg
15,IAC canal2.mrk,OC_1-1,466.389940443768,817.6399635757231,0.0,,15/xray15.jpg
15,IAC canal2.mrk,OC_1-1,486.40487269384056,837.9581523750392,0.0,,15/xray15.jpg
15,IAC_1.mrk,IAC-1,368.6558766678704,705.2666174851133,0.0,,15/xray15.jpg
15,LBM_1.mrk,LBM-1,-3.2245561766581545,1052.572152039285,0.0,,15/xray15.jpg
15,LBM_1.mrk,LBM-2,2044.9414176212272,1050.155437025954,0.0,,15/xray15.jpg
15,MF.mrk,MF-1,797.0018781474536,934.1537336526044,0.0,,15/xray15.jpg
15,Angle of Mandible.mrk,A_3-1,155.23411113959605,454.8119906587032,0.0,124.26224685759313,15/xray15.jpg
15,Angle of Mandible.mrk,A_3-2,365.0263165874338,974.349755982406,0.0,124.26224685759313,15/xray15.jpg
15,Angle of Mandible.mrk,A_3-3,678.0670419938932,1042.4498436146885,0.0,124.26224685759313,15/xray15.jpg
15,Anterior of Ramus.mrk,anterior of ramus-1,521.0194528057683,551.8655994198075,0.0,,15/xray15.jpg
15,Anterior of Ramus.mrk,anterior of ramus-1,480.9502399537415,645.3604294078701,0.0,,15/xray15.jpg
15,Anterior of Ramus.mrk,anterior of ramus-2,532.4592810738698,731.8209864145749,0.0,,15/xray15.jpg
15,Apex of PremolarMolar.mrk,Apex of Premolar/Molar,790.6836821646614,917.8379958675216,0.0,,15/xray15.jpg
15,Mid-symphyseal.mrk,AMB-1,1013.0755376043148,-15.29829170608491,0.0,,15/xray15.jpg
15,Mid-symphyseal.mrk,AMB-2,1013.0755376043148,1152.2886946344988,0.0,,15/xray15.jpg
15,Alveolar Crest1.mrk,A-1,664.1968364650911,792.6604362651295,0.0,87.89529959073269,15/xray15.jpg
15,Alveolar Crest1.mrk,Alveolar Crest1,691.1165707665825,789.9684628349804,0.0,87.89529959073269,15/xray15.jpg
15,Alveolar Crest1.mrk,A-3,687.3478079643737,762.5103338474592,0.0,87.89529959073269,15/xray15.jpg
15,Alveolar Crest2.mrk,A-1,837.07126973534,784.0562145092239,0.0,79.83898340899039,15/xray15.jpg
15,Alveolar Crest2.mrk,Alveolar Crest2,846.4201804140417,782.8367913772194,0.0,79.83898340899039,15/xray15.jpg
15,Alveolar Crest2.mrk,A-3,841.1360135086885,766.1713419064902,0.0,79.83898340899039,15/xray15.jpg
15,Alveolar Crest3.mrk,A-1,777.5291246179293,783.0654332144702,0.0,94.91937760440274,15/xray15.jpg
15,Alveolar Crest3.mrk,Alveolar Crest3,786.451625327005,781.574674321901,0.0,94.91937760440274,15/xray15.jpg
15,Alveolar Crest3.mrk,A-3,785.1505191929579,765.2821792060703,0.0,94.91937760440274,15/xray15.jpg
15,IAC canal1.mrk,IAC canal1-1,120.37169547881176,194.2249845050817,0.0,,15/xray15.jpg
15,IAC canal1.mrk,IAC canal1-2,154.67030502803365,250.1466305092479,0.0,,15/xray15.jpg
15,IAC canal2.mrk,IAC-1,121.80565847140178,226.8867157830867,0.0,,15/xray15.jpg
15,IAC canal2.mrk,IAC-2,145.25967576406123,262.2849085488596,0.0,,15/xray15.jpg
15,IAC canal2.mrk,IAC-3,169.3651935370723,287.0419268022223,0.0,,15/xray15.jpg
15,IAC Inf.mrk,IAC ,367.6173913793273,705.7183441541914,0.0,,15/xray15.jpg
15,IAC Sup.mrk,IAC SUP,367.6173913793273,689.2704936082371,0.0,,15/xray15.jpg
15,IAC.mrk,IAC INF,371.0531503452325,566.9873426170227,0.0,,15/xray15.jpg
15,IAC_2_1.mrk,IAC INF,367.6173913793273,719.2290785312255,0.0,,15/xray15.jpg
15,MF Int.mrk,MF-int,796.6873092535694,948.2563731179893,0.0,,15/xray15.jpg
15,MF Sup.mrk,MF-sup,797.4877928654239,920.639688509012,0.0,,15/xray15.jpg
16,AMB.mrk,AMB-1,1046.689224739169,-10.211075140702915,0.0,,16/xray16.jpg
16,AMB.mrk,AMB-2,1049.159173982875,1097.972818868754,0.0,,16/xray16.jpg
16,IAC canal2 Copy.mrk,OC_1-1,294.5091024539181,716.0655680920022,0.0,,16/xray16.jpg
16,IAC canal2 Copy.mrk,OC_1-1,341.57076273554566,768.4553679344781,0.0,,16/xray16.jpg
16,IAC canal2 Copy.mrk,OC_1-1,412.2697347294319,869.3287916479908,0.0,,16/xray16.jpg
16,IAC canal2 Copy.mrk,OC_1-1,517.4847770140723,939.2864633468806,0.0,,16/xray16.jpg
16,IAC canal2.mrk,OC_1-1,322.1840094299624,701.0020111303579,0.0,,16/xray16.jpg
16,IAC canal2.mrk,OC_1-1,349.15828584965107,734.2819625572465,0.0,,16/xray16.jpg
16,IAC canal2.mrk,OC_1-1,392.947695621873,791.0330376220462,0.0,,16/xray16.jpg
16,IAC canal2.mrk,OC_1-1,405.9093609144507,814.8544765381349,0.0,,16/xray16.jpg
16,LBM_1.mrk,LBM-1,-4.6858366650481855,1029.6375564595528,0.0,,16/xray16.jpg
16,LBM_1.mrk,LBM-2,2054.428516171246,1027.1676072158468,0.0,,16/xray16.jpg
16,MF.mrk,MF-1,822.7381548708693,934.2845428204174,0.0,,16/xray16.jpg
16,Angle of Mandible.mrk,A_3-1,93.20240908742878,408.8725346916873,0.0,123.55894337340791,16/xray16.jpg
16,Angle of Mandible.mrk,A_3-2,252.71323436046595,914.2791169426696,0.0,123.55894337340791,16/xray16.jpg
16,Angle of Mandible.mrk,A_3-3,656.6917374976144,1030.444609261077,0.0,123.55894337340791,16/xray16.jpg
16,Anterior of Ramus.mrk,anterior of ramus-1,451.7596896105233,553.8669815584908,0.0,,16/xray16.jpg
16,Anterior of Ramus.mrk,anterior of ramus-1,421.1805726513295,589.7183600623732,0.0,,16/xray16.jpg
16,Anterior of Ramus.mrk,anterior of ramus-2,439.1062619032707,688.8368771025189,0.0,,16/xray16.jpg
16,Apex of PremolarMolar.mrk,Apex of Premolar/Molar,816.9420421777713,904.10232843076,0.0,,16/xray16.jpg
16,Mid-symphyseal.mrk,AMB-1,1047.5211993946996,-0.5040492886154055,0.0,,16/xray16.jpg
16,Mid-symphyseal.mrk,AMB-2,1047.8638627329844,1096.7801073077076,0.0,,16/xray16.jpg
16,Alveolar Crest1.mrk,A-1,606.2099800993763,759.334101579959,0.0,75.31780972777554,16/xray16.jpg
16,Alveolar Crest1.mrk,Alveolar Crest1,629.1308349732201,759.6356917756675,0.0,75.31780972777554,16/xray16.jpg
16,Alveolar Crest1.mrk,A-3,619.7815389062575,721.9369173121086,0.0,75.31780972777554,16/xray16.jpg
16,Alveolar Crest2.mrk,A-1,781.7354740017072,753.3022976657896,0.0,90.83993225036484,16/xray16.jpg
16,Alveolar Crest2.mrk,Alveolar Crest2,799.2277053527985,749.3816251215794,0.0,90.83993225036484,16/xray16.jpg
16,Alveolar Crest2.mrk,A-3,793.4974916343375,721.9369173121086,0.0,90.83993225036484,16/xray16.jpg
16,Alveolar Crest3.mrk,A-1,713.274499575884,760.2388721670845,0.0,94.89796938148837,16/xray16.jpg
16,Alveolar Crest3.mrk,Alveolar Crest3,732.5762721012261,755.1118388400405,0.0,94.89796938148837,16/xray16.jpg
16,Alveolar Crest3.mrk,A-3,726.8460583827651,722.5400977035255,0.0,94.89796938148837,16/xray16.jpg
16,IAC canal1.mrk,IAC canal1-1,120.37169547881176,194.2249845050817,0.0,,16/xray16.jpg
16,IAC canal1.mrk,IAC canal1-2,154.67030502803365,250.1466305092479,0.0,,16/xray16.jpg
16,IAC canal2.mrk,IAC-1,121.80565847140178,226.8867157830867,0.0,,16/xray16.jpg
16,IAC canal2.mrk,IAC-2,145.25967576406123,262.2849085488596,0.0,,16/xray16.jpg
16,IAC canal2.mrk,IAC-3,169.3651935370723,287.0419268022223,0.0,,16/xray16.jpg
16,IAC Inf.mrk,IAC ,300.82794099075943,690.1955354977977,0.0,,16/xray16.jpg
16,IAC Sup.mrk,IAC SUP,299.05251615293776,679.1879015033035,0.0,,16/xray16.jpg
16,IAC.mrk,IAC INF,371.0531503452325,566.9873426170227,0.0,,16/xray16.jpg
16,IAC_2_1_1.mrk,IAC INF,302.95845079614537,702.623509362549,0.0,,16/xray16.jpg
16,MF Int.mrk,MF-int,821.9588631215942,945.0730328053136,0.0,,16/xray16.jpg
16,MF Sup.mrk,MF-sup,822.3769315335794,923.3334753820812,0.0,,16/xray16.jpg
17,AMB.mrk,AMB-1,1028.9526091586797,-16.890308839190766,0.0,,17/xray17.jpg
17,AMB.mrk,AMB-2,1031.1336528221514,1108.528221512247,0.0,,17/xray17.jpg
17,IAC canal2 Copy.mrk,OC_1-1,317.10372114638494,587.4043614755827,0.0,,17/xray17.jpg
17,IAC canal2 Copy.mrk,OC_1-1,349.4882037370862,665.8956855102543,0.0,,17/xray17.jpg
17,IAC canal2 Copy.mrk,OC_1-1,396.8720395563868,773.1016140514218,0.0,,17/xray17.jpg
17,IAC canal2 Copy.mrk,OC_1-1,454.7821945029452,845.1724283325782,0.0,,17/xray17.jpg
17,IAC canal2 Copy.mrk,OC_1-1,534.5386669539921,890.0543976206196,0.0,,17/xray17.jpg
17,IAC canal2 Copy.mrk,OC_1-1,600.3453381398367,929.7810055715212,0.0,,17/xray17.jpg
17,IAC canal2.mrk,OC_1-1,339.40307748220994,559.0435455195668,0.0,,17/xray17.jpg
17,IAC canal2.mrk,OC_1-1,358.2360268370471,602.9870940141869,0.0,,17/xray17.jpg
17,IAC canal2.mrk,OC_1-1,390.52556690947154,677.8704878774682,0.0,,17/xray17.jpg
17,LBM_1.mrk,LBM-1,-4.661431309903946,1070.6164481363153,0.0,,17/xray17.jpg
17,LBM_1.mrk,LBM-2,2053.629605111821,1066.596348455804,0.0,,17/xray17.jpg
17,MF.mrk,MF-1,730.2795250434167,924.0034685501704,0.0,,17/xray17.jpg
17,Angle of Mandible.mrk,A_3-1,151.39803195129147,254.1814405874537,0.0,132.86308914624271,17/xray17.jpg
17,Angle of Mandible.mrk,A_3-2,252.40209701402205,759.201765901107,0.0,132.86308914624271,17/xray17.jpg
17,Angle of Mandible.mrk,A_3-3,690.4407791808119,1028.1915391734317,0.0,132.86308914624271,17/xray17.jpg
17,Anterior of Ramus.mrk,anterior of ramus-1,476.46311688304365,451.0856080865505,0.0,,17/xray17.jpg
17,Anterior of Ramus.mrk,anterior of ramus-1,449.58906775713103,491.8301341806761,0.0,,17/xray17.jpg
17,Anterior of Ramus.mrk,anterior of ramus-2,487.7328794197167,605.39466435792,0.0,,17/xray17.jpg
17,Apex of PremolarMolar.mrk,Apex of Premolar/Molar,702.7567329985263,849.6376381973554,0.0,,17/xray17.jpg
17,Mid-symphyseal.mrk,AMB-1,1029.1731497473922,-7.947881130111114,0.0,,17/xray17.jpg
17,Mid-symphyseal.mrk,AMB-2,1028.397863538615,1100.7113974215338,0.0,,17/xray17.jpg
17,Alveolar Crest1.mrk,A-1,666.3797681033614,713.8229569138346,0.0,104.01364149823272,17/xray17.jpg
17,Alveolar Crest1.mrk,Alveolar Crest1,717.5118943989817,708.2303806002511,0.0,104.01364149823272,17/xray17.jpg
17,Alveolar Crest1.mrk,A-3,723.9705211016972,660.9075977136545,0.0,104.01364149823272,17/xray17.jpg
17,Alveolar Crest2.mrk,A-1,877.9903568158568,710.327588788656,0.0,8.278394874690393,17/xray17.jpg
17,Alveolar Crest2.mrk,Alveolar Crest2,874.2869087979385,730.5410126117753,0.0,8.278394874690393,17/xray17.jpg
17,Alveolar Crest2.mrk,A-3,883.0289534754278,704.6554777225864,0.0,8.278394874690393,17/xray17.jpg
17,Alveolar Crest3.mrk,A-1,787.7221730216875,726.8316750670047,0.0,88.95289778499168,17/xray17.jpg
17,Alveolar Crest3.mrk,Alveolar Crest3,811.0053175817618,726.277314482241,0.0,88.95289778499168,17/xray17.jpg
17,Alveolar Crest3.mrk,A-3,809.8965964122344,699.9451867059664,0.0,88.95289778499168,17/xray17.jpg
17,IAC canal1.mrk,IAC canal1-1,120.37169547881176,194.2249845050817,0.0,,17/xray17.jpg
17,IAC canal1.mrk,IAC canal1-2,154.67030502803365,250.1466305092479,0.0,,17/xray17.jpg
17,IAC canal2.mrk,IAC-1,121.80565847140178,226.8867157830867,0.0,,17/xray17.jpg
17,IAC canal2.mrk,IAC-2,145.25967576406123,262.2849085488596,0.0,,17/xray17.jpg
17,IAC canal2.mrk,IAC-3,169.3651935370723,287.0419268022223,0.0,,17/xray17.jpg
17,IAC Inf.mrk,IAC ,304.60899310759146,530.0301341180175,0.0,,17/xray17.jpg
17,IAC Sup.mrk,IAC SUP,301.8218763042436,518.5332773042076,0.0,,17/xray17.jpg
17,IAC.mrk,IAC INF,371.0531503452325,566.9873426170227,0.0,,17/xray17.jpg
17,IAC_2_1_1.mrk,IAC INF,306.69933071010234,540.8302117309903,0.0,,17/xray17.jpg
17,MF Int.mrk,MF-int,731.0437648569851,935.4670657536966,0.0,,17/xray17.jpg
17,MF Sup.mrk,MF-sup,730.5342716479396,912.0303781375987,0.0,,17/xray17.jpg
18,IAC canal2 Copy.mrk,OC_1-1,430.0141425235362,584.2181960405404,0.0,,Not Found
18,IAC canal2 Copy.mrk,OC_1-1,440.46294414561726,612.539947805655,0.0,,Not Found
18,IAC canal2 Copy.mrk,OC_1-1,454.486335796305,631.5127718036442,0.0,,Not Found
18,IAC canal2.mrk,OC_1-1,411.3162869892863,592.7422184164485,0.0,,Not Found
18,IAC canal2.mrk,OC_1-1,436.8883541170109,642.786478816942,0.0,,Not Found
18,IAC canal2.mrk,OC_1-1,476.2088444316844,690.9059599712627,0.0,,Not Found
18,LBM_1.mrk,LBM-1,-21.60377848775283,909.4034675186368,0.0,,Not Found
18,LBM_1.mrk,LBM-2,2101.511365282216,914.4285921192755,0.0,,Not Found
18,MF.mrk,MF-1,921.5180253664964,829.5781601792403,0.0,,Not Found
18,Angle of Mandible.mrk,A_3-1,265.94054911162874,237.7879009880437,0.0,129.24617080875146,Not Found
18,Angle of Mandible.mrk,A_3-2,399.2079512125008,743.0934672871837,0.0,129.24617080875146,Not Found
18,Angle of Mandible.mrk,A_3-3,745.7031966747679,900.7932264398822,0.0,129.24617080875146,Not Found
18,Anterior of Ramus.mrk,anterior of ramus-1,585.6471089831613,300.16021923594,0.0,,Not Found
18,Anterior of Ramus.mrk,anterior of ramus-1,511.3453512257352,477.52570549560255,0.0,,Not Found
18,Anterior of Ramus.mrk,anterior of ramus-2,533.7157729161429,538.2454215124238,0.0,,Not Found
18,Apex of PremolarMolar.mrk,Apex of Premolar/Molar,862.6105173632967,767.0388809715427,0.0,,Not Found
18,Mid-symphyseal.mrk,AMB-1,1027.9929848619631,-9.055716472583413,0.0,,Not Found
18,Mid-symphyseal.mrk,AMB-2,1029.0304141602803,1057.4216021974944,0.0,,Not Found
18,Alveolar Crest1.mrk,A-1,687.158320631733,636.4994469825075,0.0,92.37384182598494,Not Found
18,Alveolar Crest1.mrk,Alveolar Crest1,698.0432841386254,637.379498209987,0.0,92.37384182598494,Not Found
18,Alveolar Crest1.mrk,A-3,699.9326724697864,621.9831380756286,0.0,92.37384182598494,Not Found
18,Alveolar Crest2.mrk,A-1,840.1602165102368,651.5964082456616,0.0,2.782755235836388,Not Found
18,Alveolar Crest2.mrk,Alveolar Crest2,842.1924997571998,672.4998930715672,0.0,2.782755235836388,Not Found
18,Alveolar Crest2.mrk,A-3,841.321521222787,654.4996700270373,0.0,2.782755235836388,Not Found
18,Alveolar Crest3.mrk,A-1,786.4498735547847,635.9187946262323,0.0,8.77603298230622,Not Found
18,Alveolar Crest3.mrk,Alveolar Crest3,785.5788950203721,661.1771721242017,0.0,8.77603298230622,Not Found
18,Alveolar Crest3.mrk,A-3,789.9337876924358,638.241404051333,0.0,8.77603298230622,Not Found
18,IAC canal1.mrk,IAC canal1-1,120.37169547881176,194.2249845050817,0.0,,Not Found
18,IAC canal1.mrk,IAC canal1-2,154.67030502803365,250.1466305092479,0.0,,Not Found
18,IAC canal2.mrk,IAC-1,121.80565847140178,226.8867157830867,0.0,,Not Found
18,IAC canal2.mrk,IAC-2,145.25967576406123,262.2849085488596,0.0,,Not Found
18,IAC canal2.mrk,IAC-3,169.3651935370723,287.0419268022223,0.0,,Not Found
18,IAC Inf.mrk,IAC ,420.75195943612766,571.7648951463026,0.0,,Not Found
18,IAC Sup.mrk,IAC SUP,420.75195943612766,560.8476295661991,0.0,,Not Found
18,IAC.mrk,IAC INF,371.0531503452325,566.9873426170227,0.0,,Not Found
18,IAC_2_1_1.mrk,IAC INF,420.2970733702901,583.5919328580812,0.0,,Not Found
18,MF Int.mrk,MF-int,922.740276492045,846.5994868212711,0.0,,Not Found
18,MF Sup.mrk,MF-sup,920.2249385023893,812.8939577598829,0.0,,Not Found
19,IAC canal2 Copy.mrk,OC_1-1,379.4952508194857,583.8122080653576,0.0,,19/xray19.jpg
19,IAC canal2 Copy.mrk,OC_1-1,425.0362369825965,657.8163105804126,0.0,,19/xray19.jpg
19,IAC canal2 Copy.mrk,OC_1-1,449.7071904482663,711.4495796694299,0.0,,19/xray19.jpg
19,IAC canal2 Copy.mrk,OC_1-1,476.7077405138184,755.4666943724675,0.0,,19/xray19.jpg
19,IAC canal2.mrk,OC_1-1,343.40217746761385,602.3177212608599,0.0,,19/xray19.jpg
19,IAC canal2.mrk,OC_1-1,361.84960020662953,625.9224879914284,0.0,,19/xray19.jpg
19,IAC canal2.mrk,OC_1-1,389.61991400729835,677.099209138375,0.0,,19/xray19.jpg
19,IAC canal2.mrk,OC_1-1,404.1001490605041,707.6465543191107,0.0,,19/xray19.jpg
19,IAC canal2.mrk,OC_1-1,416.0017121179335,730.8546022810981,0.0,,19/xray19.jpg
19,IAC canal2.mrk,OC_1-1,441.5765129678714,773.587102451491,0.0,,19/xray19.jpg
19,LBM_1.mrk,LBM-1,-15.99797282215134,992.1875138658146,0.0,,19/xray19.jpg
19,LBM_1.mrk,LBM-2,2048.2964124558043,989.6146500702874,0.0,,19/xray19.jpg
19,MF.mrk,MF-1,787.5555051322476,856.0955280031534,0.0,,19/xray19.jpg
19,Angle of Mandible.mrk,A_3-1,122.52629412758064,286.7213495738562,0.0,131.4900562012573,19/xray19.jpg
19,Angle of Mandible.mrk,A_3-2,296.046809023164,788.5576588402203,0.0,131.4900562012573,19/xray19.jpg
19,Angle of Mandible.mrk,A_3-3,695.5184979914142,953.3397305396236,0.0,131.4900562012573,19/xray19.jpg
19,Anterior of Ramus.mrk,anterior of ramus-1,500.0692004446302,466.95445889992186,0.0,,19/xray19.jpg
19,Anterior of Ramus.mrk,anterior of ramus-1,467.6717268919541,515.2561467420937,0.0,,19/xray19.jpg
19,Anterior of Ramus.mrk,anterior of ramus-2,481.8088062603946,595.3662631632569,0.0,,19/xray19.jpg
19,Apex of PremolarMolar.mrk,Apex of Premolar/Molar,790.9901322544079,810.795467910828,0.0,,19/xray19.jpg
19,Mid-symphyseal.mrk,AMB-1,1028.2138191986564,-6.5767997971723275,0.0,,19/xray19.jpg
19,Mid-symphyseal.mrk,AMB-2,1028.2138191986564,1099.157316372639,0.0,,19/xray19.jpg
19,Alveolar Crest1.mrk,A-1,665.2853632248326,671.6149051930822,0.0,77.81231992139881,19/xray19.jpg
19,Alveolar Crest1.mrk,Alveolar Crest1,673.5392562540694,673.7495327006434,0.0,77.81231992139881,19/xray19.jpg
19,Alveolar Crest1.mrk,A-3,674.3316811269935,654.1265246233227,0.0,77.81231992139881,19/xray19.jpg
19,Alveolar Crest2.mrk,A-1,844.0958520274053,689.7902317495201,0.0,92.12371587178902,19/xray19.jpg
19,Alveolar Crest2.mrk,Alveolar Crest2,852.2545254143336,688.4304528516988,0.0,92.12371587178902,19/xray19.jpg
19,Alveolar Crest2.mrk,A-3,849.6860541628931,668.4870290169852,0.0,92.12371587178902,19/xray19.jpg
19,Alveolar Crest3.mrk,A-1,777.5953456694549,679.9648849218594,0.0,86.70785288700337,19/xray19.jpg
19,Alveolar Crest3.mrk,Alveolar Crest3,788.5137092153298,678.7845212952784,0.0,86.70785288700337,19/xray19.jpg
19,Alveolar Crest3.mrk,A-3,785.562800148877,661.0790668965624,0.0,86.70785288700337,19/xray19.jpg
19,IAC canal1.mrk,IAC canal1-1,120.37169547881176,194.22498450508175,0.0,,19/xray19.jpg
19,IAC canal1.mrk,IAC canal1-2,154.67030502803365,250.1466305092479,0.0,,19/xray19.jpg
19,IAC canal2.mrk,IAC-1,121.80565847140178,226.8867157830867,0.0,,19/xray19.jpg
19,IAC canal2.mrk,IAC-2,145.25967576406123,262.2849085488596,0.0,,19/xray19.jpg
19,IAC canal2.mrk,IAC-3,169.3651935370723,287.0419268022223,0.0,,19/xray19.jpg
19,IAC Inf.mrk,IAC ,347.71108176496114,553.9531290411237,0.0,,19/xray19.jpg
19,IAC Sup.mrk,IAC SUP,348.9382587934716,541.2722997465156,0.0,,19/xray19.jpg
19,IAC.mrk,IAC INF,371.0531503452325,566.9873426170227,0.0,,19/xray19.jpg
19,IAC_2_1_1.mrk,IAC INF,348.93825879347173,572.3607844687807,0.0,,19/xray19.jpg
19,MF Int.mrk,MF-int,787.8546105268321,867.5832503102545,0.0,,19/xray19.jpg
19,MF Sup.mrk,MF-sup,787.1578279207042,843.8926417019047,0.0,,19/xray19.jpg
